id,user_id,experiment_id,scenario_type,input_type,input_state,hand,hand_location,hand_rotation,event_datetime
0,"FDI_AL","","T1_BasicMechanics","IA_Grab_Right","started","Right","(35.614174;3.573807;11.740082)","(-155.20192;-7.077482;-96.182579)","2025-2-21 12:3:59.130"
1,"FDI_AL","","T1_BasicMechanics","IA_Grab_Right","completed","Right","(34.828117;3.584564;10.703506)","(-145.4198;9.023908;-91.052193)","2025-2-21 12:3:59.250"
2,"FDI_AL","","T1_BasicMechanics","IA_Menu_Interact_Right","started","Right","(42.679558;7.865864;36.988876)","(-172.353287;61.471649;-113.979233)","2025-2-21 12:4:0.625"
3,"FDI_AL","","T1_BasicMechanics","IA_Menu_Interact_Right","completed","Right","(42.775036;6.058701;36.985764)","(179.956863;69.976418;-124.098724)","2025-2-21 12:4:0.887"
4,"FDI_AL","","T1_BasicMechanics","IA_Grab_Right","started","Right","(40.455093;5.374512;36.905869)","(-163.854721;74.065613;-112.697548)","2025-2-21 12:4:1.35"
5,"FDI_AL","","T1_BasicMechanics","IA_Grab_Right","completed","Right","(35.610752;3.593266;33.157867)","(-110.823494;78.119049;-78.039948)","2025-2-21 12:4:1.796"
6,"FDI_AL","","T1_BasicMechanics","IA_Grab_Left","started","Left","(23.633133;111.788376;34.778076)","(32.401138;-62.31604;28.014164)","2025-2-21 12:4:6.653"
7,"FDI_AL","","T1_BasicMechanics","IA_Grab_Left","completed","Left","(23.951889;112.678879;33.472717)","(42.278393;-39.669987;25.267632)","2025-2-21 12:4:6.706"
8,"FDI_AL","","T1_BasicMechanics","IA_Grab_Left","started","Left","(30.573734;28.755085;31.191818)","(17.502691;30.848238;1.904986)","2025-2-21 12:4:8.336"
9,"FDI_AL","","T1_BasicMechanics","IA_Grab_Left","completed","Left","(30.533318;30.468187;29.428726)","(24.426746;45.029945;8.260209)","2025-2-21 12:4:8.734"
10,"FDI_AL","","T1_BasicMechanics","IA_Menu_Interact_Left","started","Left","(25.111275;18.2159;33.968323)","(-48.439812;75.219452;-69.692833)","2025-2-21 12:5:4.637"
11,"FDI_AL","","T1_BasicMechanics","IA_Menu_Interact_Left","completed","Left","(25.025379;18.226624;34.19931)","(-49.00613;76.760979;-69.385529)","2025-2-21 12:5:5.12"
12,"FDI_AL","","T1_BasicMechanics","IA_Menu_Interact_Left","started","Left","(23.386478;16.706562;33.088791)","(-51.783581;77.235855;-71.254486)","2025-2-21 12:5:24.558"
13,"FDI_AL","","T1_BasicMechanics","IA_Menu_Interact_Left","completed","Left","(23.765507;16.143066;33.056396)","(-52.725578;76.874283;-71.358284)","2025-2-21 12:5:24.798"
14,"FDI_AL","","T1_BasicMechanics","IA_Menu_Interact_Left","started","Left","(3.234047;26.706795;37.505005)","(-118.542252;75.825729;152.443619)","2025-2-21 12:5:34.771"
15,"FDI_AL","","T1_BasicMechanics","IA_Menu_Interact_Left","completed","Left","(2.46571;26.81201;37.352478)","(-124.971489;76.299171;148.896927)","2025-2-21 12:5:35.368"
16,"FDI_AL","","T1_BasicMechanics","IA_Menu_Interact_Left","started","Left","(3.096718;26.154827;37.214172)","(-124.5233;75.281845;147.736313)","2025-2-21 12:5:36.19"
17,"FDI_AL","","T1_BasicMechanics","IA_Menu_Interact_Left","completed","Left","(2.980396;26.087223;37.041458)","(-121.393867;75.210342;151.156921)","2025-2-21 12:5:36.334"
18,"FDI_AL","","T1_BasicMechanics","IA_Menu_Interact_Left","started","Left","(2.48568;26.298447;37.060196)","(-124.366035;74.415092;147.174789)","2025-2-21 12:5:37.7"
19,"FDI_AL","","T1_BasicMechanics","IA_Menu_Interact_Left","completed","Left","(2.289429;26.25293;36.972595)","(-117.412903;75.178337;155.992676)","2025-2-21 12:5:37.395"
20,"FDI_AL","","T1_BasicMechanics","IA_Menu_Interact_Right","started","Right","(23.956295;0.787292;28.075935)","(-62.218929;72.120834;-52.856815)","2025-2-21 12:5:39.813"
21,"FDI_AL","","T1_BasicMechanics","IA_Menu_Interact_Right","completed","Right","(24.198471;0.710876;28.216858)","(-61.143135;72.823296;-54.124195)","2025-2-21 12:5:40.240"
22,"FDI_AL","","T1_BasicMechanics","IA_Menu_Interact_Right","started","Right","(24.192142;0.561798;28.661026)","(-64.391968;74.67009;-57.378395)","2025-2-21 12:5:40.818"
23,"FDI_AL","","T1_BasicMechanics","IA_Grab_Right","started","Right","(24.147457;0.58242;28.591339)","(-67.048813;74.052696;-59.838116)","2025-2-21 12:5:40.844"
24,"FDI_AL","","T1_BasicMechanics","IA_Grab_Right","completed","Right","(23.920403;0.606377;28.393715)","(-63.124821;73.380112;-56.034119)","2025-2-21 12:5:41.0"
25,"FDI_AL","","T1_BasicMechanics","IA_Menu_Interact_Right","completed","Right","(23.915497;0.566017;28.372841)","(-63.041531;73.685593;-55.824589)","2025-2-21 12:5:41.28"
26,"FDI_AL","","T1_BasicMechanics","IA_Menu_Interact_Left","started","Left","(15.409904;12.523075;27.50795)","(-54.854069;77.231773;-77.37603)","2025-2-21 12:5:47.477"
27,"FDI_AL","","T1_BasicMechanics","IA_Menu_Interact_Left","completed","Left","(15.255177;12.438526;27.575638)","(-49.624115;76.615341;-70.677269)","2025-2-21 12:5:48.209"
28,"FDI_AL","","T1_BasicMechanics","IA_Menu_Interact_Right","started","Right","(3.793274;10.7146;15.710884)","(-9.286307;54.509766;78.879593)","2025-2-21 12:6:25.337"
29,"FDI_AL","","T1_BasicMechanics","IA_Menu_Interact_Right","completed","Right","(4.17144;11.623253;15.223579)","(-8.566973;51.509022;84.753723)","2025-2-21 12:6:25.670"
30,"FDI_AL","","T1_BasicMechanics","IA_Menu_Interact_Left","started","Left","(12.440712;13.934565;26.961426)","(-76.838661;71.581688;-95.073479)","2025-2-21 12:7:22.343"
31,"FDI_AL","","T1_BasicMechanics","IA_Menu_Interact_Left","completed","Left","(11.455452;12.675617;25.594978)","(-70.831482;71.910156;-86.102638)","2025-2-21 12:7:23.230"
32,"FDI_AL","","T1_BasicMechanics","IA_Menu_Interact_Right","started","Right","(14.358887;7.694489;25.125267)","(3.049734;83.317406;5.515651)","2025-2-21 12:7:54.992"
33,"FDI_AL","","T1_BasicMechanics","IA_Menu_Interact_Left","started","Left","(11.096313;8.566547;25.219788)","(-71.726921;71.918076;-67.37265)","2025-2-21 12:7:55.600"
34,"FDI_AL","","T1_BasicMechanics","IA_Menu_Interact_Right","completed","Right","(14.733521;7.420059;24.902565)","(18.58629;83.429565;17.778807)","2025-2-21 12:7:55.616"
35,"FDI_AL","","T1_BasicMechanics","IA_Menu_Interact_Left","completed","Left","(11.751755;8.045643;25.330093)","(-74.218239;73.498581;-65.770782)","2025-2-21 12:7:56.223"
36,"FDI_AL","","T1_BasicMechanics","IA_Menu_Interact_Right","started","Right","(12.257812;9.426826;22.98468)","(43.969284;82.73085;56.307247)","2025-2-21 12:8:12.867"
37,"FDI_AL","","T1_BasicMechanics","IA_Menu_Interact_Right","completed","Right","(12.366127;9.852295;22.824959)","(42.130089;82.298508;56.436192)","2025-2-21 12:8:13.151"
38,"FDI_AL","","T1_BasicMechanics","IA_Menu_Interact_Left","started","Left","(14.860504;5.986458;23.760696)","(-88.871315;69.364395;-64.504066)","2025-2-21 12:8:13.433"
39,"FDI_AL","","T1_BasicMechanics","IA_Menu_Interact_Left","completed","Left","(13.046394;6.598343;23.373848)","(-81.457573;70.141945;-63.880405)","2025-2-21 12:8:13.625"
40,"FDI_AL","","T1_BasicMechanics","IA_Menu_Interact_Left","started","Left","(9.067337;18.107685;29.528671)","(-109.322937;63.836514;168.344437)","2025-2-21 12:8:26.256"
41,"FDI_AL","","T1_BasicMechanics","IA_Menu_Interact_Right","started","Right","(7.816978;13.814487;28.753891)","(143.93338;85.31646;55.39497)","2025-2-21 12:8:26.284"
42,"FDI_AL","","T1_BasicMechanics","IA_Menu_Interact_Right","completed","Right","(7.671333;14.00948;29.183655)","(137.179733;84.596138;48.756824)","2025-2-21 12:8:26.713"
43,"FDI_AL","","T1_BasicMechanics","IA_Menu_Interact_Left","completed","Left","(9.08353;17.149441;29.813103)","(-116.746475;64.481407;161.96048)","2025-2-21 12:8:26.811"
44,"FDI_AL","","T1_BasicMechanics","IA_Menu_Interact_Left","started","Left","(10.252937;16.282997;29.82679)","(-113.614807;64.228729;161.199112)","2025-2-21 12:8:27.420"
45,"FDI_AL","","T1_BasicMechanics","IA_Menu_Interact_Left","completed","Left","(13.687889;13.449535;29.491135)","(-110.592728;63.03083;150.163162)","2025-2-21 12:8:28.149"
46,"FDI_AL","","T1_BasicMechanics","IA_Menu_Interact_Left","started","Left","(14.323662;12.971203;29.65564)","(-111.315529;61.63736;143.530533)","2025-2-21 12:8:29.137"
47,"FDI_AL","","T1_BasicMechanics","IA_Menu_Interact_Left","completed","Left","(14.316448;12.792988;29.589066)","(-111.711151;60.125141;140.335693)","2025-2-21 12:8:29.650"
48,"FDI_AL","","T1_BasicMechanics","IA_Menu_Interact_Left","started","Left","(15.661751;8.08308;27.897827)","(-117.032372;59.552986;129.238663)","2025-2-21 12:8:43.851"
49,"FDI_AL","","T1_BasicMechanics","IA_Menu_Interact_Right","started","Right","(2.41391;16.382923;28.735741)","(146.09787;83.4235;26.720301)","2025-2-21 12:8:44.400"
50,"FDI_AL","","T1_BasicMechanics","IA_Menu_Interact_Left","completed","Left","(15.114712;8.748058;27.654892)","(-118.634003;58.085674;129.412903)","2025-2-21 12:8:44.479"
51,"FDI_AL","","T1_BasicMechanics","IA_Menu_Interact_Right","completed","Right","(3.062302;17.01527;29.144432)","(150.332397;83.201294;35.11945)","2025-2-21 12:8:44.865"
52,"FDI_AL","","T1_BasicMechanics","IA_Menu_Interact_Right","started","Right","(9.232925;10.403481;25.248756)","(49.958427;80.551239;66.189713)","2025-2-21 12:8:54.891"
53,"FDI_AL","","T1_BasicMechanics","IA_Menu_Interact_Right","completed","Right","(13.25853;12.246569;24.989136)","(53.072014;75.816017;68.176765)","2025-2-21 12:8:55.714"
54,"FDI_AL","","T1_BasicMechanics","IA_Menu_Interact_Left","started","Left","(13.054581;5.357455;22.573929)","(-88.265121;63.828331;-70.10865)","2025-2-21 12:8:56.182"
55,"FDI_AL","","T1_BasicMechanics","IA_Menu_Interact_Left","completed","Left","(14.017059;6.884266;23.136833)","(-90.475029;66.253822;-79.977417)","2025-2-21 12:8:56.613"
56,"FDI_AL","","T1_BasicMechanics","IA_Menu_Interact_Right","started","Right","(6.860336;10.639843;23.935349)","(40.215878;82.087631;62.530163)","2025-2-21 12:9:5.315"
57,"FDI_AL","","T1_BasicMechanics","IA_Menu_Interact_Right","completed","Right","(9.228111;8.684673;24.066956)","(33.631271;81.786537;65.340179)","2025-2-21 12:9:5.743"
58,"FDI_AL","","T1_BasicMechanics","IA_Menu_Interact_Right","started","Right","(6.461926;5.492151;17.070465)","(-2.071515;51.242294;90.355812)","2025-2-21 12:9:34.667"
59,"FDI_AL","","T1_BasicMechanics","IA_Menu_Interact_Left","started","Left","(6.23317;1.902294;16.119415)","(-36.308826;50.062935;71.076088)","2025-2-21 12:9:34.999"
60,"FDI_AL","","T1_BasicMechanics","IA_Menu_Interact_Right","completed","Right","(9.023701;5.565069;16.799133)","(-5.456335;49.927368;89.097404)","2025-2-21 12:9:35.60"
61,"FDI_AL","","T1_BasicMechanics","IA_Menu_Interact_Left","completed","Left","(5.730598;0.819017;16.152611)","(-38.598602;52.771423;13.731656)","2025-2-21 12:9:35.550"
62,"FDI_AL","","T1_BasicMechanics","IA_Menu_Interact_Right","started","Right","(12.37114;6.361916;24.238853)","(3.496861;83.605301;-0.17994)","2025-2-21 12:10:15.732"
63,"FDI_AL","","T1_BasicMechanics","IA_Menu_Interact_Left","started","Left","(8.496521;10.518417;21.62735)","(-84.484161;58.190269;-80.983109)","2025-2-21 12:10:15.809"
64,"FDI_AL","","T1_BasicMechanics","IA_Menu_Interact_Right","completed","Right","(12.804413;7.152328;24.056953)","(14.165112;83.084846;12.143765)","2025-2-21 12:10:16.302"
65,"FDI_AL","","T1_BasicMechanics","IA_Menu_Interact_Left","completed","Left","(9.233582;9.567123;21.810188)","(-86.512703;60.568501;-80.583977)","2025-2-21 12:10:16.400"
66,"FDI_AL","","T1_BasicMechanics","IA_Menu_Interact_Left","started","Left","(11.185997;12.119888;27.040268)","(-111.101212;57.665825;164.28154)","2025-2-21 12:10:26.98"
67,"FDI_AL","","T1_BasicMechanics","IA_Menu_Interact_Right","started","Right","(5.200981;10.77282;28.387466)","(142.314529;81.357697;46.579185)","2025-2-21 12:10:26.126"
68,"FDI_AL","","T1_BasicMechanics","IA_Menu_Interact_Right","completed","Right","(6.284271;10.856739;28.187187)","(143.521225;82.174828;52.832405)","2025-2-21 12:10:26.639"
69,"FDI_AL","","T1_BasicMechanics","IA_Menu_Interact_Left","completed","Left","(10.064461;13.102276;25.395256)","(-111.396233;55.706253;165.977402)","2025-2-21 12:10:26.743"
70,"FDI_AL","","T1_BasicMechanics","IA_Menu_Interact_Left","started","Left","(15.727444;6.664185;24.028351)","(-105.206032;56.121906;139.677002)","2025-2-21 12:10:33.218"
71,"FDI_AL","","T1_BasicMechanics","IA_Menu_Interact_Left","completed","Left","(16.02626;8.098526;24.032288)","(-108.142761;55.274906;141.200256)","2025-2-21 12:10:33.721"
72,"FDI_AL","","T1_BasicMechanics","IA_Menu_Interact_Left","started","Left","(8.163506;7.728848;21.311279)","(-88.037689;60.510899;-75.578201)","2025-2-21 12:11:54.286"
73,"FDI_AL","","T1_BasicMechanics","IA_Menu_Interact_Right","started","Right","(8.587906;11.49646;23.681229)","(18.283648;85.094276;18.28903)","2025-2-21 12:11:54.511"
74,"FDI_AL","","T1_BasicMechanics","IA_Menu_Interact_Left","completed","Left","(9.400017;8.701565;21.32711)","(-87.17292;62.395535;-74.837921)","2025-2-21 12:11:54.916"
75,"FDI_AL","","T1_BasicMechanics","IA_Menu_Interact_Right","completed","Right","(10.491585;10.397209;22.960487)","(39.618298;78.528374;38.636478)","2025-2-21 12:11:55.698"
76,"FDI_AL","","T1_BasicMechanics","IA_Menu_Interact_Left","started","Left","(6.882431;10.827488;20.19252)","(-82.785156;63.550804;-79.755348)","2025-2-21 12:11:55.778"
77,"FDI_AL","","T1_BasicMechanics","IA_Menu_Interact_Left","completed","Left","(5.692635;11.911747;20.514374)","(-94.745857;64.217247;-105.91143)","2025-2-21 12:11:56.343"
78,"FDI_AL","","T1_BasicMechanics","IA_Menu_Interact_Left","started","Left","(14.521294;7.416508;22.512154)","(-108.509361;56.379128;140.465805)","2025-2-21 12:12:23.788"
79,"FDI_AL","","T1_BasicMechanics","IA_Menu_Interact_Right","started","Right","(3.623589;13.361675;24.933228)","(155.18866;83.368431;34.148987)","2025-2-21 12:12:23.925"
80,"FDI_AL","","T1_BasicMechanics","IA_Menu_Interact_Right","completed","Right","(11.075157;9.454502;25.169914)","(139.885834;81.516991;52.294434)","2025-2-21 12:12:25.302"
81,"FDI_AL","","T1_BasicMechanics","IA_Menu_Interact_Left","completed","Left","(7.67762;13.679592;22.114548)","(-112.686745;52.827454;172.083878)","2025-2-21 12:12:25.418"
82,"FDI_AL","","T1_BasicMechanics","IA_Menu_Interact_Left","started","Left","(3.225258;13.14732;21.273521)","(-86.847618;57.757389;-111.55645)","2025-2-21 12:12:49.388"
83,"FDI_AL","","T1_BasicMechanics","IA_Menu_Interact_Right","started","Right","(13.712822;1.248203;22.401764)","(62.922722;80.997375;28.281618)","2025-2-21 12:12:49.413"
84,"FDI_AL","","T1_BasicMechanics","IA_Menu_Interact_Left","completed","Left","(1.449547;12.127911;20.376877)","(-87.627586;57.833145;-118.613419)","2025-2-21 12:12:50.104"
85,"FDI_AL","","T1_BasicMechanics","IA_Menu_Interact_Right","completed","Right","(14.148125;2.245968;21.694275)","(55.531075;77.722786;19.062134)","2025-2-21 12:12:50.119"
86,"FDI_AL","","T1_BasicMechanics","IA_Menu_Interact_Right","started","Right","(4.248058;13.95929;16.685272)","(11.894615;60.548958;60.74234)","2025-2-21 12:13:21.534"
87,"FDI_AL","","T1_BasicMechanics","IA_Menu_Interact_Right","completed","Right","(1.844578;16.295837;15.909477)","(15.75611;66.899445;47.477238)","2025-2-21 12:13:21.680"
88,"FDI_AL","","T1_BasicMechanics","IA_Menu_Interact_Left","started","Left","(7.739449;7.377949;20.736496)","(-85.274612;62.937592;-67.965851)","2025-2-21 12:13:29.825"
89,"FDI_AL","","T1_BasicMechanics","IA_Menu_Interact_Left","completed","Left","(6.676338;6.782623;20.464165)","(-81.201202;62.535358;-71.472351)","2025-2-21 12:13:30.252"
90,"FDI_AL","","T1_BasicMechanics","IA_Grab_Right","started","Right","(5.856438;1.975643;18.15551)","(25.792562;67.312347;-37.960041)","2025-2-21 12:13:32.369"
91,"FDI_AL","","T1_BasicMechanics","IA_Grab_Right","completed","Right","(7.086609;1.146427;18.47773)","(24.687326;67.343163;-34.67712)","2025-2-21 12:13:32.446"
92,"FDI_AL","","T1_BasicMechanics","IA_Grab_Right","started","Right","(12.985916;6.800022;19.87117)","(40.259903;70.150833;37.872906)","2025-2-21 12:13:33.355"
93,"FDI_AL","","T1_BasicMechanics","IA_Grab_Right","completed","Right","(12.310059;7.309404;19.75618)","(43.233353;67.283821;46.221596)","2025-2-21 12:13:33.756"
94,"FDI_AL","","T1_BasicMechanics","IA_Grab_Left","started","Left","(7.635521;10.668896;19.828514)","(-75.836311;63.998692;-67.770546)","2025-2-21 12:13:34.96"
95,"FDI_AL","","T1_BasicMechanics","IA_Grab_Left","completed","Left","(7.172226;8.765419;19.649376)","(-75.160858;60.778027;-64.039238)","2025-2-21 12:13:34.656"
96,"FDI_AL","","T1_BasicMechanics","IA_Grab_Left","started","Left","(6.105652;10.10965;19.229454)","(-72.592384;62.033092;-63.138271)","2025-2-21 12:13:35.52"
97,"FDI_AL","","T1_BasicMechanics","IA_Grab_Right","started","Right","(10.045937;7.489664;19.442207)","(24.639271;71.979668;30.215025)","2025-2-21 12:13:35.171"
98,"FDI_AL","","T1_BasicMechanics","IA_Grab_Right","completed","Right","(11.238518;8.447031;19.697769)","(40.138859;73.129135;43.139614)","2025-2-21 12:13:35.585"
99,"FDI_AL","","T1_BasicMechanics","IA_Grab_Left","completed","Left","(6.3349;8.582121;19.163803)","(-76.762383;63.766727;-67.061409)","2025-2-21 12:13:35.684"
100,"FDI_AL","","T1_BasicMechanics","IA_Menu_Interact_Left","started","Left","(5.276688;7.554342;18.74633)","(-77.360176;63.620186;-70.864632)","2025-2-21 12:13:36.293"
101,"FDI_AL","","T1_BasicMechanics","IA_Menu_Interact_Right","started","Right","(11.605682;8.520781;19.44117)","(44.661003;74.400818;37.54567)","2025-2-21 12:13:36.398"
102,"FDI_AL","","T1_BasicMechanics","IA_Menu_Interact_Right","completed","Right","(11.485703;0.186449;19.065407)","(44.719505;72.947098;33.861282)","2025-2-21 12:13:36.976"
103,"FDI_AL","","T1_BasicMechanics","IA_Menu_Interact_Left","completed","Left","(2.258873;16.942186;18.659943)","(-87.094017;67.672813;-87.795921)","2025-2-21 12:13:37.102"
104,"FDI_AL","","T1_BasicMechanics","IA_Menu_Interact_Right","started","Right","(12.751007;8.229322;20.464088)","(-11.705383;85.376167;6.208361)","2025-2-21 12:13:46.733"
105,"FDI_AL","","T1_BasicMechanics","IA_Menu_Interact_Left","started","Left","(10.049171;9.072311;19.283707)","(-86.810799;69.116722;-74.887917)","2025-2-21 12:13:46.863"
106,"FDI_AL","","T1_BasicMechanics","IA_Menu_Interact_Right","completed","Right","(15.919739;6.147794;20.457176)","(12.671414;84.274109;15.342093)","2025-2-21 12:13:47.586"
107,"FDI_AL","","T1_BasicMechanics","IA_Menu_Interact_Left","completed","Left","(5.785889;12.413822;19.067169)","(-96.942986;66.483818;-118.450401)","2025-2-21 12:13:47.905"
108,"FDI_AL","","T1_BasicMechanics","IA_Menu_Interact_Right","started","Right","(14.150131;8.209526;25.300377)","(160.196152;86.568764;164.556229)","2025-2-21 12:13:51.41"
109,"FDI_AL","","T1_BasicMechanics","IA_Menu_Interact_Left","started","Left","(8.361229;8.797739;21.223)","(-101.528061;66.886612;-95.042786)","2025-2-21 12:13:51.69"
110,"FDI_AL","","T1_BasicMechanics","IA_Menu_Interact_Right","completed","Right","(12.302513;10.392148;23.625137)","(22.638815;79.824219;41.978336)","2025-2-21 12:13:51.798"
111,"FDI_AL","","T1_BasicMechanics","IA_Menu_Interact_Left","completed","Left","(7.97393;7.734097;19.844788)","(-85.303001;67.300377;-70.393173)","2025-2-21 12:13:51.880"
112,"FDI_AL","","T1_BasicMechanics","IA_Grab_Right","started","Right","(12.442696;8.892671;25.591614)","(37.389015;59.076656;37.966351)","2025-2-21 12:14:3.416"
113,"FDI_AL","","T1_BasicMechanics","IA_Grab_Right","completed","Right","(14.125351;12.687375;23.692039)","(36.487198;64.051003;38.066196)","2025-2-21 12:14:5.14"
114,"FDI_AL","","T1_BasicMechanics","IA_Move_Right","started","Right","(13.858414;11.380034;21.730843)","(54.386047;75.087242;62.287121)","2025-2-21 12:14:10.683"
115,"FDI_AL","","T1_BasicMechanics","IA_Move_Right","completed","Right","(14.084427;11.114758;21.093491)","(47.814411;74.397232;57.390034)","2025-2-21 12:14:11.120"
116,"FDI_AL","","T1_BasicMechanics","IA_Move_Left","started","Left","(15.134068;4.764765;23.857834)","(-85.267174;63.682201;125.736832)","2025-2-21 12:14:43.596"
117,"FDI_AL","","T1_BasicMechanics","IA_Move_Left","completed","Left","(12.742167;2.10813;21.758835)","(-75.840874;70.335762;137.939758)","2025-2-21 12:14:44.291"
118,"FDI_AL","","T1_BasicMechanics","IA_Move_Left","started","Left","(9.396053;11.182859;21.197296)","(-57.582378;76.5858;33.901657)","2025-2-21 12:14:51.50"
119,"FDI_AL","","T1_BasicMechanics","IA_Move_Left","completed","Left","(10.533463;10.15801;19.824608)","(-42.038471;72.687782;45.133778)","2025-2-21 12:14:51.608"
120,"FDI_AL","","T1_BasicMechanics","IA_Move_Left","started","Left","(8.30925;10.525297;18.429604)","(-29.963516;73.48053;-121.551964)","2025-2-21 12:14:59.211"
121,"FDI_AL","","T1_BasicMechanics","IA_Move_Left","completed","Left","(9.653484;3.85229;9.584297)","(-12.355501;40.486801;-103.078812)","2025-2-21 12:15:0.706"
122,"FDI_AL","","T1_BasicMechanics","IA_Move_Left","started","Left","(1.561237;10.423182;18.723328)","(-34.499809;73.40123;-97.131912)","2025-2-21 12:15:6.546"
123,"FDI_AL","","T1_BasicMechanics","IA_Move_Left","completed","Left","(2.498367;9.825353;18.098839)","(-28.823826;67.429688;-95.116943)","2025-2-21 12:15:6.796"
124,"FDI_AL","","T1_BasicMechanics","IA_Move_Left","started","Left","(7.789963;5.727577;19.350746)","(-43.420887;71.856956;58.469994)","2025-2-21 12:15:17.795"
125,"FDI_AL","","T1_BasicMechanics","IA_Move_Left","completed","Left","(6.693172;7.406601;18.710854)","(-37.479786;68.282036;76.015556)","2025-2-21 12:15:18.369"
126,"FDI_AL","","T1_BasicMechanics","IA_Menu_Interact_Right","started","Right","(15.87429;1.803692;23.532906)","(32.898632;71.300529;19.050547)","2025-2-21 12:15:24.509"
127,"FDI_AL","","T1_BasicMechanics","IA_Menu_Interact_Right","completed","Right","(16.262383;2.817009;23.444107)","(33.128071;71.106773;19.045443)","2025-2-21 12:15:24.998"
128,"FDI_AL","","T1_BasicMechanics","IA_Move_Left","started","Left","(0.241287;16.610722;19.646271)","(-35.474743;71.523949;-93.216583)","2025-2-21 12:15:28.670"
129,"FDI_AL","","T1_BasicMechanics","IA_Move_Left","completed","Left","(0.363544;16.096329;19.932037)","(-31.26631;68.252487;-87.64119)","2025-2-21 12:15:29.99"
130,"FDI_AL","","T1_BasicMechanics","IA_Move_Left","started","Left","(10.931316;11.481407;20.125259)","(-18.377018;72.917656;144.746933)","2025-2-21 12:15:32.817"
131,"FDI_AL","","T1_BasicMechanics","IA_Move_Left","completed","Left","(9.864441;12.064777;21.067886)","(-29.381927;71.354279;130.335175)","2025-2-21 12:15:33.330"
132,"FDI_AL","","T1_BasicMechanics","IA_Menu_Interact_Right","started","Right","(17.995956;4.498274;25.850967)","(61.93137;75.6847;59.909512)","2025-2-21 12:15:41.301"
133,"FDI_AL","","T1_BasicMechanics","IA_Menu_Interact_Right","completed","Right","(17.289574;5.419747;25.328903)","(55.860275;74.103554;54.07217)","2025-2-21 12:15:41.841"
134,"FDI_AL","","T1_BasicMechanics","IA_Move_Left","started","Left","(11.311966;4.605535;20.728714)","(-39.418926;71.086807;-23.432966)","2025-2-21 12:15:56.461"
135,"FDI_AL","","T1_BasicMechanics","IA_Move_Left","completed","Left","(15.125237;4.6747;23.634567)","(-109.412331;81.961136;-94.408867)","2025-2-21 12:15:58.372"
136,"FDI_AL","","T1_BasicMechanics","IA_Menu_Interact_Right","started","Right","(15.289406;2.473576;22.649887)","(35.042511;70.440872;20.869884)","2025-2-21 12:16:4.413"
137,"FDI_AL","","T1_BasicMechanics","IA_Menu_Interact_Right","completed","Right","(15.226288;2.027005;23.413315)","(31.213547;69.969215;16.865646)","2025-2-21 12:16:4.739"
138,"FDI_AL","","T1_BasicMechanics","IA_Move_Right","started","Right","(11.621033;7.79418;20.433411)","(15.28061;62.216122;24.280132)","2025-2-21 12:16:19.277"
139,"FDI_AL","","T1_BasicMechanics","IA_Move_Right","completed","Right","(11.062408;8.102421;20.626419)","(17.020353;64.646599;27.954411)","2025-2-21 12:16:19.830"
140,"FDI_AL","","T1_BasicMechanics","IA_Menu_Interact_Right","started","Right","(15.345871;4.144202;24.527885)","(37.78738;78.62368;-6.9539)","2025-2-21 12:16:24.405"
141,"FDI_AL","","T1_BasicMechanics","IA_Menu_Interact_Right","completed","Right","(15.02565;4.089046;24.449615)","(33.781376;77.779716;-11.881834)","2025-2-21 12:16:24.794"
142,"FDI_AL","","T1_BasicMechanics","IA_Move_Left","started","Left","(1.321701;14.313612;20.262711)","(-22.26923;75.148621;-86.21312)","2025-2-21 12:16:53.80"
143,"FDI_AL","","T1_BasicMechanics","IA_Move_Left","completed","Left","(1.480911;14.833922;21.132751)","(-30.900082;78.079842;-94.105949)","2025-2-21 12:16:53.705"
144,"FDI_AL","","T1_BasicMechanics","IA_Menu_Interact_Right","started","Right","(12.322853;5.284996;19.761581)","(10.532976;57.544998;-42.214558)","2025-2-21 12:16:58.628"
145,"FDI_AL","","T1_BasicMechanics","IA_Menu_Interact_Right","completed","Right","(14.228737;7.608551;20.035507)","(7.309349;58.725163;-40.419582)","2025-2-21 12:16:59.170"
146,"FDI_AL","","T1_BasicMechanics","IA_Menu_Interact_Right","started","Right","(21.455032;6.460213;27.336288)","(29.935152;73.610596;34.490372)","2025-2-21 12:17:5.269"
147,"FDI_AL","","T1_BasicMechanics","IA_Menu_Interact_Right","completed","Right","(19.644287;8.066795;26.105721)","(13.637647;74.398781;19.346842)","2025-2-21 12:17:5.696"
148,"FDI_AL","","T1_BasicMechanics","IA_Menu_Interact_Right","started","Right","(13.605087;11.378998;24.824005)","(10.957916;70.75193;-48.037094)","2025-2-21 12:17:8.57"
149,"FDI_AL","","T1_BasicMechanics","IA_Menu_Interact_Right","completed","Right","(15.27404;13.462738;24.401703)","(6.748889;64.334549;-46.816891)","2025-2-21 12:17:8.696"
150,"FDI_AL","","T1_BasicMechanics","IA_Menu_Interact_Right","started","Right","(14.914566;12.246635;22.609169)","(1.357499;62.562981;-56.358089)","2025-2-21 12:17:16.344"
151,"FDI_AL","","T1_BasicMechanics","IA_Menu_Interact_Right","completed","Right","(14.598961;12.522644;22.996559)","(4.084836;61.684174;-52.520695)","2025-2-21 12:17:16.783"
152,"FDI_AL","","T1_BasicMechanics","IA_Menu_Interact_Left","started","Left","(3.415535;10.198402;17.479111)","(-30.062809;68.705856;-93.002258)","2025-2-21 12:17:18.33"
153,"FDI_AL","","T1_BasicMechanics","IA_Menu_Interact_Left","completed","Left","(3.742126;9.902626;17.223755)","(-22.216997;66.48954;-83.648621)","2025-2-21 12:17:18.478"
154,"FDI_AL","","T1_BasicMechanics","IA_Menu_Interact_Right","started","Right","(1.398033;15.677589;21.698311)","(18.576775;59.297981;-83.23291)","2025-2-21 12:17:24.576"
155,"FDI_AL","","T1_BasicMechanics","IA_Menu_Interact_Right","completed","Right","(0.200981;16.690002;20.877441)","(8.851193;59.080791;-90.523354)","2025-2-21 12:17:24.949"
156,"FDI_AL","","T1_BasicMechanics","IA_Menu_Interact_Right","started","Right","(2.235794;17.126228;22.835068)","(9.56179;59.423195;-89.603233)","2025-2-21 12:17:31.962"
157,"FDI_AL","","T1_BasicMechanics","IA_Menu_Interact_Right","completed","Right","(3.100365;16.924805;22.732323)","(5.950488;59.006138;-89.890045)","2025-2-21 12:17:32.189"
158,"FDI_AL","","T1_BasicMechanics","IA_Menu_Interact_Left","started","Left","(5.992416;12.603386;25.027435)","(-22.324345;68.987549;-122.365311)","2025-2-21 12:17:37.470"
159,"FDI_AL","","T1_BasicMechanics","IA_Menu_Interact_Left","completed","Left","(6.22728;13.075134;24.630524)","(-16.306074;66.281036;-118.642616)","2025-2-21 12:17:38.88"
160,"FDI_AL","","T1_BasicMechanics","IA_Menu_Interact_Right","started","Right","(18.501747;8.168457;31.115799)","(10.908503;82.440201;11.798613)","2025-2-21 12:17:44.483"
161,"FDI_AL","","T1_BasicMechanics","IA_Menu_Interact_Right","completed","Right","(18.42271;8.331635;31.083961)","(12.416682;81.841988;14.258631)","2025-2-21 12:17:44.712"
162,"FDI_AL","","T1_BasicMechanics","IA_Move_Left","started","Left","(11.053032;6.756317;17.900452)","(-9.901621;62.471848;-22.440641)","2025-2-21 12:18:17.974"
163,"FDI_AL","","T1_BasicMechanics","IA_Move_Left","completed","Left","(10.81739;6.538956;17.87899)","(-5.623139;61.400108;-19.672607)","2025-2-21 12:18:18.238"
164,"FDI_AL","","T1_BasicMechanics","IA_Move_Left","started","Left","(14.806;2.049911;23.403122)","(-21.04154;75.859741;173.306976)","2025-2-21 12:18:23.569"
165,"FDI_AL","","T1_BasicMechanics","IA_Move_Left","completed","Left","(14.26807;1.882248;22.328331)","(-2.749218;66.983879;-168.298584)","2025-2-21 12:18:24.122"
166,"FDI_AL","","T1_BasicMechanics","IA_Move_Left","started","Left","(8.586395;9.497269;20.50798)","(-12.680159;77.567947;-129.354126)","2025-2-21 12:18:35.837"
167,"FDI_AL","","T1_BasicMechanics","IA_Move_Left","completed","Left","(9.992672;8.773621;20.636086)","(-6.252577;74.713554;-128.328613)","2025-2-21 12:18:36.588"
168,"FDI_AL","","T1_BasicMechanics","IA_Move_Left","started","Left","(9.125267;7.210785;19.154961)","(-18.686337;64.332771;-144.640228)","2025-2-21 12:18:54.561"
169,"FDI_AL","","T1_BasicMechanics","IA_Move_Left","completed","Left","(9.744705;4.86055;18.325188)","(-12.283749;62.365734;-145.009949)","2025-2-21 12:18:55.176"
170,"FDI_AL","","T1_BasicMechanics","IA_Move_Left","started","Left","(9.173325;5.296829;20.342674)","(-14.113665;73.742111;60.318226)","2025-2-21 12:19:4.701"
171,"FDI_AL","","T1_BasicMechanics","IA_Move_Left","completed","Left","(7.276386;3.882263;19.711823)","(-13.542141;68.432777;66.172562)","2025-2-21 12:19:5.166"
172,"FDI_AL","","T1_BasicMechanics","IA_Menu_Interact_Right","started","Right","(6.041111;16.015839;20.930244)","(15.411717;56.962872;-74.535057)","2025-2-21 12:19:12.639"
173,"FDI_AL","","T1_BasicMechanics","IA_Menu_Interact_Right","completed","Right","(5.829893;16.620148;21.140732)","(10.495998;55.85569;-78.535469)","2025-2-21 12:19:13.1"
174,"FDI_AL","","T1_BasicMechanics","IA_Menu_Interact_Right","started","Right","(5.551529;16.288742;21.630516)","(9.258512;62.17189;-80.277069)","2025-2-21 12:19:13.286"
175,"FDI_AL","","T1_BasicMechanics","IA_Menu_Interact_Right","completed","Right","(6.310154;16.335732;20.660202)","(8.854696;59.526722;-76.426544)","2025-2-21 12:19:13.584"
176,"FDI_AL","","T1_BasicMechanics","IA_Menu_Interact_Left","started","Left","(10.387378;9.665634;22.013802)","(-20.128971;71.003777;-134.845123)","2025-2-21 12:19:20.687"
177,"FDI_AL","","T1_BasicMechanics","IA_Menu_Interact_Left","completed","Left","(9.752906;9.61652;20.513168)","(-11.911377;66.559837;-126.46106)","2025-2-21 12:19:21.749"
178,"FDI_AL","","T1_BasicMechanics","IA_Grab_Left","started","Left","(10.307728;10.108028;19.926575)","(-2.989001;68.94516;-120.586189)","2025-2-21 12:19:22.381"
179,"FDI_AL","","T1_BasicMechanics","IA_Grab_Left","completed","Left","(10.979522;11.3046;20.115341)","(1.910791;69.034943;-114.400093)","2025-2-21 12:19:22.876"
180,"FDI_AL","","T1_BasicMechanics","IA_Grab_Left","started","Left","(13.74537;11.371948;18.458374)","(23.760908;70.531761;-101.851662)","2025-2-21 12:19:23.328"
181,"FDI_AL","","T1_BasicMechanics","IA_Grab_Left","completed","Left","(12.549494;10.657455;18.47654)","(14.734658;67.638763;-105.655251)","2025-2-21 12:19:23.631"
182,"FDI_AL","","T1_BasicMechanics","IA_Menu_Interact_Right","started","Right","(5.854292;13.658875;18.708817)","(11.241022;51.191551;-88.133171)","2025-2-21 12:19:24.14"
183,"FDI_AL","","T1_BasicMechanics","IA_Menu_Interact_Right","completed","Right","(5.378811;13.908352;18.398376)","(6.336348;53.196247;-90.144745)","2025-2-21 12:19:24.93"
184,"FDI_AL","","T1_BasicMechanics","IA_Grab_Right","started","Right","(5.363149;13.568432;18.163696)","(4.918731;50.624016;-93.147499)","2025-2-21 12:19:24.318"
185,"FDI_AL","","T1_BasicMechanics","IA_Grab_Right","completed","Right","(5.455872;13.305984;18.52346)","(7.787895;47.360371;-93.265396)","2025-2-21 12:19:24.395"
186,"FDI_AL","","T1_BasicMechanics","IA_Grab_Right","started","Right","(5.620623;14.279652;18.213821)","(2.207168;54.039677;-89.225052)","2025-2-21 12:19:24.729"
187,"FDI_AL","","T1_BasicMechanics","IA_Grab_Right","completed","Right","(3.752204;15.463688;18.454391)","(6.659578;51.372108;-91.056366)","2025-2-21 12:19:25.154"
188,"FDI_AL","","T1_BasicMechanics","IA_Grab_Right","started","Right","(1.661279;17.803822;20.402695)","(2.614692;56.350067;-104.46846)","2025-2-21 12:19:25.688"
189,"FDI_AL","","T1_BasicMechanics","IA_Grab_Right","completed","Right","(1.310018;16.425217;19.473007)","(0.279593;54.676308;-109.319679)","2025-2-21 12:19:25.944"
190,"FDI_AL","","T1_BasicMechanics","IA_Grab_Left","started","Left","(12.458363;8.559433;18.763298)","(12.123698;70.570793;-117.289925)","2025-2-21 12:19:26.219"
191,"FDI_AL","","T1_BasicMechanics","IA_Grab_Left","completed","Left","(12.685083;8.06094;19.64225)","(15.383686;70.993073;-111.679054)","2025-2-21 12:19:26.476"
192,"FDI_AL","","T1_BasicMechanics","IA_Menu_Interact_Right","started","Right","(15.175884;5.373383;20.043602)","(-3.345095;56.943436;-44.106621)","2025-2-21 12:19:35.867"
193,"FDI_AL","","T1_BasicMechanics","IA_Menu_Interact_Right","completed","Right","(16.029568;6.403614;19.927208)","(-4.402909;56.048656;-42.359261)","2025-2-21 12:19:36.496"
194,"FDI_AL","","T1_BasicMechanics","IA_Grab_Right","started","Right","(16.480289;6.868958;19.479111)","(-3.280187;55.376282;-39.749092)","2025-2-21 12:19:36.802"
195,"FDI_AL","","T1_BasicMechanics","IA_Grab_Right","completed","Right","(16.390759;6.782421;19.333435)","(-6.489071;52.740833;-44.769802)","2025-2-21 12:19:37.29"
196,"FDI_AL","","T1_BasicMechanics","IA_Grab_Right","started","Right","(16.974171;6.305241;19.171257)","(-7.521594;54.499805;-42.463959)","2025-2-21 12:19:37.457"
197,"FDI_AL","","T1_BasicMechanics","IA_Grab_Right","completed","Right","(16.743881;6.520786;18.803932)","(-8.424029;53.340439;-41.432941)","2025-2-21 12:19:37.941"
198,"FDI_AL","","T1_BasicMechanics","IA_Menu_Interact_Right","started","Right","(12.933214;6.848392;18.947105)","(-6.603749;59.918827;-47.395512)","2025-2-21 12:19:56.415"
199,"FDI_AL","","T1_BasicMechanics","IA_Menu_Interact_Right","completed","Right","(13.516182;6.540947;20.023613)","(-4.716625;59.834549;-43.808575)","2025-2-21 12:19:56.739"
200,"FDI_AL","","T1_BasicMechanics","IA_Menu_Interact_Right","started","Right","(16.770943;7.038612;19.922783)","(-11.888499;55.675911;-43.914928)","2025-2-21 12:19:57.439"
201,"FDI_AL","","T1_BasicMechanics","IA_Menu_Interact_Right","completed","Right","(17.004173;8.079094;18.806656)","(-9.338709;52.982117;-42.218899)","2025-2-21 12:19:57.873"
202,"FDI_AL","","T1_BasicMechanics","IA_Grab_Right","started","Right","(17.565086;7.172844;17.95649)","(-11.516052;52.599705;-41.22731)","2025-2-21 12:19:58.414"
203,"FDI_AL","","T1_BasicMechanics","IA_Grab_Right","completed","Right","(17.885899;7.740652;17.977661)","(-10.42811;51.436424;-41.696842)","2025-2-21 12:19:58.862"
204,"FDI_AL","","T1_BasicMechanics","IA_Grab_Right","started","Right","(20.119167;7.373585;18.759468)","(-12.627529;54.561867;-40.450527)","2025-2-21 12:19:59.312"
205,"FDI_AL","","T1_BasicMechanics","IA_Grab_Right","completed","Right","(19.518126;7.758684;18.874313)","(-12.989567;54.570538;-42.343391)","2025-2-21 12:19:59.662"
206,"FDI_AL","","T1_BasicMechanics","IA_Grab_Right","started","Right","(19.109722;8.313677;19.554451)","(-14.662363;59.129509;-42.287621)","2025-2-21 12:19:59.875"
207,"FDI_AL","","T1_BasicMechanics","IA_Grab_Right","completed","Right","(16.107792;11.308964;21.736893)","(-9.642976;58.569691;-55.298416)","2025-2-21 12:20:0.58"
208,"FDI_AL","","T1_BasicMechanics","IA_Grab_Right","started","Right","(7.178746;17.452616;24.615578)","(-13.779579;68.405518;-86.941475)","2025-2-21 12:20:1.176"
209,"FDI_AL","","T1_BasicMechanics","IA_Grab_Right","completed","Right","(6.3721;18.608225;26.00116)","(-10.847703;69.391922;-85.492928)","2025-2-21 12:20:1.687"
210,"FDI_AL","","T1_BasicMechanics","IA_Grab_Right","started","Right","(6.732595;17.847403;25.379425)","(-15.617164;68.215714;-90.251503)","2025-2-21 12:20:2.498"
211,"FDI_AL","","T1_BasicMechanics","IA_Grab_Right","completed","Right","(7.221921;17.849667;24.702927)","(-10.672369;64.758476;-85.026115)","2025-2-21 12:20:2.749"
212,"FDI_AL","","T1_BasicMechanics","IA_Grab_Left","started","Left","(0.205643;18.707979;28.923615)","(-23.768469;80.621704;-114.770462)","2025-2-21 12:20:16.336"
213,"FDI_AL","","T1_BasicMechanics","IA_Grab_Left","completed","Left","(0.636804;18.832827;27.10659)","(0.460145;77.156296;-95.354927)","2025-2-21 12:20:17.16"
214,"FDI_AL","","T1_BasicMechanics","IA_Grab_Left","started","Left","(1.413452;17.48675;25.286324)","(9.83975;73.754974;-87.89209)","2025-2-21 12:20:17.637"
215,"FDI_AL","","T1_BasicMechanics","IA_Grab_Left","completed","Left","(0.432719;18.56731;29.583145)","(-13.215823;80.07856;-107.967514)","2025-2-21 12:20:18.252"
216,"FDI_AL","","T1_BasicMechanics","IA_Menu_Interact_Left","started","Left","(3.001134;17.133776;22.441452)","(-2.221853;67.734535;-96.179955)","2025-2-21 12:20:25.629"
217,"FDI_AL","","T1_BasicMechanics","IA_Menu_Interact_Left","completed","Left","(1.434067;17.329241;23.664261)","(0.296947;69.472885;-92.555069)","2025-2-21 12:20:26.460"
218,"FDI_AL","","T1_BasicMechanics","IA_Menu_Interact_Left","started","Left","(0.921092;17.232901;23.373093)","(-2.740873;69.876846;-94.508575)","2025-2-21 12:20:27.201"
219,"FDI_AL","","T1_BasicMechanics","IA_Menu_Interact_Left","completed","Left","(0.510899;16.687456;23.155457)","(-1.466222;68.652557;-95.489639)","2025-2-21 12:20:27.676"
220,"FDI_AL","","T1_BasicMechanics","IA_Menu_Interact_Left","started","Left","(13.30352;16.58704;25.168594)","(-8.084912;72.606438;-131.675201)","2025-2-21 12:20:29.506"
221,"FDI_AL","","T1_BasicMechanics","IA_Menu_Interact_Left","completed","Left","(13.297853;15.895781;24.07122)","(3.023762;69.548988;-121.588066)","2025-2-21 12:20:30.171"
222,"FDI_AL","","T1_BasicMechanics","IA_Menu_Interact_Right","started","Right","(6.102474;17.884525;20.532669)","(-1.028917;59.485176;-81.19516)","2025-2-21 12:20:31.807"
223,"FDI_AL","","T1_BasicMechanics","IA_Menu_Interact_Right","completed","Right","(10.775163;16.081165;22.294815)","(-4.822726;60.405758;-69.367516)","2025-2-21 12:20:32.114"
224,"FDI_AL","","T1_BasicMechanics","IA_Menu_Interact_Right","started","Right","(12.176817;13.067547;22.646286)","(-1.036086;62.967251;-66.442261)","2025-2-21 12:20:32.407"
225,"FDI_AL","","T1_BasicMechanics","IA_Menu_Interact_Right","completed","Right","(12.051117;12.25433;22.616638)","(-6.378642;61.360783;-69.005501)","2025-2-21 12:20:32.635"
226,"FDI_AL","","T1_BasicMechanics","IA_Menu_Interact_Left","started","Left","(2.072786;18.210712;26.233978)","(-0.654926;73.823074;-82.782471)","2025-2-21 12:20:37.175"
227,"FDI_AL","","T1_BasicMechanics","IA_Menu_Interact_Left","completed","Left","(1.909613;19.980627;27.0093)","(-10.227515;72.789459;-96.947083)","2025-2-21 12:20:37.797"
228,"FDI_AL","","T1_BasicMechanics","IA_Menu_Interact_Left","started","Left","(2.311297;18.853951;25.776726)","(6.05782;66.520569;-77.717522)","2025-2-21 12:20:39.274"
229,"FDI_AL","","T1_BasicMechanics","IA_Menu_Interact_Left","completed","Left","(2.925722;19.047287;25.558319)","(13.192602;65.01722;-72.887878)","2025-2-21 12:20:39.828"
230,"FDI_AL","","T1_BasicMechanics","IA_Menu_Interact_Left","started","Left","(6.340635;17.9403;25.322105)","(13.897983;64.959084;-88.733841)","2025-2-21 12:20:43.267"
231,"FDI_AL","","T1_BasicMechanics","IA_Menu_Interact_Left","completed","Left","(6.828093;17.716511;25.054245)","(12.8284;63.050674;-93.838814)","2025-2-21 12:20:43.739"
232,"FDI_AL","","T1_BasicMechanics","IA_Menu_Interact_Left","started","Left","(10.700429;16.015026;25.30072)","(6.154487;65.182251;-108.501755)","2025-2-21 12:20:45.299"
233,"FDI_AL","","T1_BasicMechanics","IA_Menu_Interact_Left","completed","Left","(11.182715;15.161482;24.188332)","(5.264772;64.590172;-113.226219)","2025-2-21 12:20:45.819"
234,"FDI_AL","","T1_BasicMechanics","IA_Menu_Interact_Right","started","Right","(3.95964;17.085163;22.481789)","(4.47591;60.144417;-89.123734)","2025-2-21 12:20:48.191"
235,"FDI_AL","","T1_BasicMechanics","IA_Menu_Interact_Right","completed","Right","(3.531136;17.311016;22.328896)","(3.340473;59.733067;-90.748764)","2025-2-21 12:20:48.591"
236,"FDI_AL","","T1_BasicMechanics","IA_Menu_Interact_Left","started","Left","(14.911165;0.162739;18.356438)","(9.114282;56.68174;-162.817688)","2025-2-21 12:21:0.845"
237,"FDI_AL","","T1_BasicMechanics","IA_Menu_Interact_Left","completed","Left","(14.885009;0.016876;18.399437)","(11.56404;54.847492;-161.011993)","2025-2-21 12:21:1.859"
238,"FDI_AL","","T1_BasicMechanics","IA_Menu_Interact_Right","started","Right","(10.872623;17.663578;23.970108)","(17.020367;64.269089;-52.484051)","2025-2-21 12:21:11.574"
239,"FDI_AL","","T1_BasicMechanics","IA_Menu_Interact_Right","completed","Right","(12.82062;19.284166;26.408127)","(8.157115;70.624329;-56.682594)","2025-2-21 12:21:12.188"
240,"FDI_AL","","T1_BasicMechanics","IA_Menu_Interact_Right","started","Right","(11.151432;21.171299;26.993484)","(2.563859;75.501648;-70.657982)","2025-2-21 12:21:12.544"
241,"FDI_AL","","T1_BasicMechanics","IA_Menu_Interact_Right","completed","Right","(8.088945;18.715219;23.155708)","(1.354817;64.076103;-71.855736)","2025-2-21 12:21:13.20"
242,"FDI_AL","","T1_BasicMechanics","IA_Menu_Interact_Right","started","Right","(3.986236;17.508568;22.025139)","(11.776634;69.501625;-73.036728)","2025-2-21 12:21:13.384"
243,"FDI_AL","","T1_BasicMechanics","IA_Menu_Interact_Right","completed","Right","(5.687145;17.143764;21.236557)","(9.002112;60.842762;-68.803085)","2025-2-21 12:21:13.675"
244,"FDI_AL","","T1_BasicMechanics","IA_Grab_Right","started","Right","(8.523729;15.071651;19.82019)","(5.447693;57.090633;-66.542969)","2025-2-21 12:21:14.668"
245,"FDI_AL","","T1_BasicMechanics","IA_Grab_Right","completed","Right","(7.91048;14.458309;20.160248)","(0.697492;57.589619;-73.186081)","2025-2-21 12:21:15.358"
246,"FDI_AL","","T1_BasicMechanics","IA_Grab_Right","started","Right","(7.812953;13.224148;20.660072)","(3.80057;62.202877;-68.310455)","2025-2-21 12:21:15.727"
247,"FDI_AL","","T1_BasicMechanics","IA_Grab_Right","completed","Right","(7.862342;13.15042;19.967255)","(-2.394826;59.596172;-76.774292)","2025-2-21 12:21:15.941"
248,"FDI_AL","","T1_BasicMechanics","IA_Grab_Right","started","Right","(14.912894;8.041064;22.850044)","(-7.251992;65.778687;-52.382702)","2025-2-21 12:21:18.87"
249,"FDI_AL","","T1_BasicMechanics","IA_Grab_Right","completed","Right","(11.216581;13.231405;23.196037)","(-5.073209;63.975819;-57.846333)","2025-2-21 12:21:18.886"
250,"FDI_AL","","T1_BasicMechanics","IA_Grab_Right","started","Right","(8.398533;13.864671;24.106689)","(-4.267249;68.684952;-60.02195)","2025-2-21 12:21:19.923"
251,"FDI_AL","","T1_BasicMechanics","IA_Grab_Right","completed","Right","(8.65744;14.327174;23.857613)","(-3.483781;65.332458;-70.39325)","2025-2-21 12:21:20.175"
252,"FDI_AL","","T1_BasicMechanics","IA_Grab_Left","started","Left","(5.47967;14.324694;22.722549)","(4.216809;62.655888;-97.127472)","2025-2-21 12:21:21.146"
253,"FDI_AL","","T1_BasicMechanics","IA_Grab_Left","completed","Left","(5.108437;13.262163;24.082283)","(-0.261061;63.841335;-99.317245)","2025-2-21 12:21:21.690"
254,"FDI_AL","","T1_BasicMechanics","IA_Grab_Left","started","Left","(7.04535;13.690833;24.947815)","(1.372775;65.205734;-106.88533)","2025-2-21 12:21:23.141"
255,"FDI_AL","","T1_BasicMechanics","IA_Grab_Left","completed","Left","(9.777654;15.083248;26.244118)","(-5.597226;65.493904;-118.263451)","2025-2-21 12:21:23.707"
256,"FDI_AL","","T1_BasicMechanics","IA_Grab_Left","started","Left","(13.334815;14.0961;27.488785)","(-3.282508;67.902267;-126.41613)","2025-2-21 12:21:24.321"
257,"FDI_AL","","T1_BasicMechanics","IA_Grab_Left","completed","Left","(12.20857;13.597319;26.324608)","(-3.413861;64.291092;-119.520706)","2025-2-21 12:21:24.694"
258,"FDI_AL","","T1_BasicMechanics","IA_Grab_Right","started","Right","(19.199463;0.229243;30.703285)","(-40.194931;81.463394;-42.5177)","2025-2-21 12:21:26.924"
259,"FDI_AL","","T1_BasicMechanics","IA_Grab_Right","completed","Right","(18.960114;0.379857;29.284424)","(-25.010529;76.384766;-29.027763)","2025-2-21 12:21:27.274"
260,"FDI_AL","","T1_BasicMechanics","IA_Grab_Right","started","Right","(13.522371;0.66902;24.075272)","(-16.318617;64.415924;-42.293514)","2025-2-21 12:21:29.49"
261,"FDI_AL","","T1_BasicMechanics","IA_Grab_Right","completed","Right","(13.071352;0.90131;23.147346)","(-9.540439;59.311977;-38.714043)","2025-2-21 12:21:29.628"
262,"FDI_AL","","T1_BasicMechanics","IA_Grab_Right","started","Right","(12.822852;1.26925;23.32029)","(-11.892017;60.536827;-40.508572)","2025-2-21 12:21:29.980"
263,"FDI_AL","","T1_BasicMechanics","IA_Grab_Right","completed","Right","(12.87973;1.225433;23.704292)","(-11.562545;60.47271;-39.826923)","2025-2-21 12:21:30.277"
264,"FDI_AL","","T1_BasicMechanics","IA_Grab_Right","started","Right","(17.151688;0.786637;23.537949)","(-14.543741;64.536354;-36.357376)","2025-2-21 12:21:31.85"
265,"FDI_AL","","T1_BasicMechanics","IA_Grab_Right","completed","Right","(16.890257;1.906243;21.349861)","(-11.859244;56.009571;-36.593735)","2025-2-21 12:21:31.287"
266,"FDI_AL","","T1_BasicMechanics","IA_Grab_Left","started","Left","(8.256402;7.679855;22.117691)","(-8.655193;60.86689;-58.161114)","2025-2-21 12:21:31.781"
267,"FDI_AL","","T1_BasicMechanics","IA_Grab_Left","completed","Left","(8.152613;7.794874;21.96122)","(-7.174766;60.880352;-58.503803)","2025-2-21 12:21:32.84"
268,"FDI_AL","","T1_BasicMechanics","IA_Menu_Interact_Left","started","Left","(4.970201;11.632693;20.780518)","(-11.96551;60.585789;-60.111961)","2025-2-21 12:21:35.768"
269,"FDI_AL","","T1_BasicMechanics","IA_Menu_Interact_Left","completed","Left","(7.159086;12.072775;21.439392)","(-13.405663;65.556679;-52.508873)","2025-2-21 12:21:36.700"
270,"FDI_AL","","T1_BasicMechanics","IA_Menu_Interact_Right","started","Right","(17.595173;0.218938;16.552551)","(-8.796806;46.587906;-28.597809)","2025-2-21 12:21:44.358"
271,"FDI_AL","","T1_BasicMechanics","IA_Menu_Interact_Left","started","Left","(6.113066;9.379873;18.478783)","(-19.567785;53.559296;-45.201935)","2025-2-21 12:21:44.388"
272,"FDI_AL","","T1_BasicMechanics","IA_Menu_Interact_Left","completed","Left","(6.401841;9.349939;18.928131)","(-18.79398;56.329704;-47.004848)","2025-2-21 12:21:45.12"
273,"FDI_AL","","T1_BasicMechanics","IA_Menu_Interact_Right","completed","Right","(17.208914;0.170003;16.993744)","(-10.266363;47.427784;-30.132147)","2025-2-21 12:21:45.36"
274,"FDI_AL","","T1_BasicMechanics","IA_Menu_Interact_Right","started","Right","(17.73987;1.516533;29.113441)","(-34.294159;78.46962;-50.768074)","2025-2-21 12:22:6.413"
275,"FDI_AL","","T1_BasicMechanics","IA_Menu_Interact_Left","started","Left","(6.889389;11.906021;27.064468)","(-59.507797;76.429649;-85.126137)","2025-2-21 12:22:6.462"
276,"FDI_AL","","T1_BasicMechanics","IA_Menu_Interact_Right","completed","Right","(18.590763;1.459926;29.317078)","(-30.854059;78.511978;-48.452091)","2025-2-21 12:22:6.965"
277,"FDI_AL","","T1_BasicMechanics","IA_Menu_Interact_Left","completed","Left","(7.140265;11.634541;27.052208)","(-57.491821;75.507683;-86.242859)","2025-2-21 12:22:6.991"
278,"FDI_AL","","T1_BasicMechanics","IA_Menu_Interact_Right","started","Right","(15.106635;3.927274;22.390488)","(-6.997667;58.29306;-39.481941)","2025-2-21 12:22:8.189"
279,"FDI_AL","","T1_BasicMechanics","IA_Menu_Interact_Left","started","Left","(4.171161;10.011532;20.938545)","(-23.84803;62.050404;-53.759464)","2025-2-21 12:22:8.296"
280,"FDI_AL","","T1_BasicMechanics","IA_Menu_Interact_Right","completed","Right","(15.115199;3.125997;22.430733)","(-7.869562;57.011593;-36.25481)","2025-2-21 12:22:8.614"
281,"FDI_AL","","T1_BasicMechanics","IA_Menu_Interact_Left","completed","Left","(3.909296;9.646829;21.024467)","(-23.231144;62.086205;-52.876259)","2025-2-21 12:22:8.667"
282,"FDI_AL","","T1_BasicMechanics","IA_Menu_Interact_Right","started","Right","(1.358277;12.067646;25.942459)","(-12.651915;67.385216;-122.310631)","2025-2-21 12:22:13.731"
283,"FDI_AL","","T1_BasicMechanics","IA_Menu_Interact_Right","completed","Right","(1.704815;13.491966;26.371933)","(-8.512225;64.916702;-115.695976)","2025-2-21 12:22:14.196"
284,"FDI_AL","","T1_BasicMechanics","IA_Menu_Interact_Left","started","Left","(8.50397;8.124005;23.231491)","(-31.619841;64.866486;-125.957741)","2025-2-21 12:22:18.820"
285,"FDI_AL","","T1_BasicMechanics","IA_Menu_Interact_Left","completed","Left","(8.427274;8.30124;23.032455)","(-27.073685;65.404449;-122.36425)","2025-2-21 12:22:20.582"
286,"FDI_AL","","T1_BasicMechanics","IA_Menu_Interact_Left","started","Left","(1.473117;13.807101;24.889214)","(-21.762838;69.053955;-87.215836)","2025-2-21 12:22:32.642"
287,"FDI_AL","","T1_BasicMechanics","IA_Menu_Interact_Left","completed","Left","(2.984648;12.932753;25.637215)","(-17.003092;68.973763;-83.628571)","2025-2-21 12:22:33.814"
288,"FDI_AL","","T1_BasicMechanics","IA_Menu_Interact_Left","started","Left","(2.461751;14.115927;26.093475)","(-15.801946;61.332676;-82.713989)","2025-2-21 12:22:38.824"
289,"FDI_AL","","T1_BasicMechanics","IA_Menu_Interact_Left","completed","Left","(2.85821;13.857471;25.687332)","(-16.189177;58.950329;-84.554047)","2025-2-21 12:22:39.49"
290,"FDI_AL","","T1_BasicMechanics","IA_Menu_Interact_Right","started","Right","(11.061528;10.518773;22.304657)","(-9.824422;57.795189;-71.233315)","2025-2-21 12:22:39.290"
291,"FDI_AL","","T1_BasicMechanics","IA_Menu_Interact_Right","completed","Right","(9.380375;11.315612;23.097702)","(-4.015401;57.698738;-71.390869)","2025-2-21 12:22:39.809"
292,"FDI_AL","","T1_BasicMechanics","IA_Menu_Interact_Right","started","Right","(12.50209;10.570258;22.496513)","(-6.430392;54.956024;-66.713409)","2025-2-21 12:22:40.676"
293,"FDI_AL","","T1_BasicMechanics","IA_Menu_Interact_Right","completed","Right","(14.115072;11.508517;23.886604)","(-8.6523;58.369553;-66.060013)","2025-2-21 12:22:41.641"
294,"FDI_AL","","T1_BasicMechanics","IA_Menu_Interact_Right","started","Right","(12.782967;11.22753;23.884087)","(-7.042379;59.840164;-66.313164)","2025-2-21 12:22:41.899"
295,"FDI_AL","","T1_BasicMechanics","IA_Menu_Interact_Right","completed","Right","(12.211557;11.488407;23.165955)","(-7.07384;59.145451;-66.730453)","2025-2-21 12:22:42.508"
296,"FDI_AL","","T1_BasicMechanics","IA_Menu_Interact_Left","started","Left","(10.971262;9.613727;24.063759)","(-15.493354;58.804619;-125.712959)","2025-2-21 12:22:45.513"
297,"FDI_AL","","T1_BasicMechanics","IA_Menu_Interact_Left","completed","Left","(9.979485;11.32442;23.17231)","(-14.490182;58.130165;-119.57843)","2025-2-21 12:22:46.211"
298,"FDI_AL","","T1_BasicMechanics","IA_Menu_Interact_Left","started","Left","(10.284781;7.961785;24.335083)","(-9.31239;60.48764;-38.179615)","2025-2-21 12:22:53.588"
299,"FDI_AL","","T1_BasicMechanics","IA_Menu_Interact_Left","completed","Left","(7.861269;9.50286;18.068268)","(-7.176559;52.556629;-45.653286)","2025-2-21 12:22:54.364"
300,"FDI_AL","","T1_BasicMechanics","IA_Menu_Interact_Left","started","Left","(5.532013;37.455902;25.152573)","(11.250953;64.535927;-96.985031)","2025-2-21 12:23:15.506"
301,"FDI_AL","","T1_BasicMechanics","IA_Menu_Interact_Left","completed","Left","(1.403265;35.749817;25.142677)","(31.201668;77.077133;-77.452873)","2025-2-21 12:23:16.749"
302,"FDI_AL","","T1_BasicMechanics","IA_Menu_Interact_Right","started","Right","(28.431812;30.205635;7.266922)","(-34.095051;46.362072;-67.968246)","2025-2-21 12:23:28.869"
303,"FDI_AL","","T1_BasicMechanics","IA_Menu_Interact_Right","completed","Right","(29.928883;33.784912;8.893066)","(-48.560143;52.425762;-77.580391)","2025-2-21 12:23:30.248"
304,"FDI_AL","","T1_BasicMechanics","IA_Menu_Interact_Right","started","Right","(1.136312;38.465942;15.217987)","(-47.593952;62.532722;-133.644989)","2025-2-21 12:23:33.437"
305,"FDI_AL","","T1_BasicMechanics","IA_Menu_Interact_Right","completed","Right","(1.019102;40.332397;17.426628)","(-55.043049;67.606361;-136.254074)","2025-2-21 12:23:34.472"
306,"FDI_AL","","T1_BasicMechanics","IA_Menu_Interact_Right","started","Right","(0.849911;40.155655;17.991295)","(-51.500992;68.358879;-132.119217)","2025-2-21 12:23:34.707"
307,"FDI_AL","","T1_BasicMechanics","IA_Menu_Interact_Right","completed","Right","(2.452787;36.848999;17.638924)","(-49.486366;66.348167;-129.74411)","2025-2-21 12:23:35.170"
308,"FDI_AL","","T1_BasicMechanics","IA_Menu_Interact_Right","started","Right","(9.156565;34.870552;7.283859)","(-27.380756;48.829479;-124.625404)","2025-2-21 12:23:39.602"
309,"FDI_AL","","T1_BasicMechanics","IA_Menu_Interact_Right","completed","Right","(9.071985;43.363594;3.991234)","(-49.176464;43.986885;-136.155045)","2025-2-21 12:23:40.884"
310,"FDI_AL","","T1_BasicMechanics","IA_Menu_Interact_Right","started","Right","(8.215939;43.236679;2.863464)","(-50.025467;41.736134;-137.522491)","2025-2-21 12:23:41.312"
311,"FDI_AL","","T1_BasicMechanics","IA_Menu_Interact_Right","completed","Right","(8.381399;43.927902;3.241898)","(-53.34787;43.659054;-137.583862)","2025-2-21 12:23:42.163"
312,"FDI_AL","","T1_BasicMechanics","IA_Menu_Interact_Right","started","Right","(7.892096;44.242073;3.293877)","(-53.005066;43.678532;-138.64798)","2025-2-21 12:23:42.526"
313,"FDI_AL","","T1_BasicMechanics","IA_Menu_Interact_Right","completed","Right","(10.030353;28.428734;11.395187)","(-29.039299;56.809517;-121.250977)","2025-2-21 12:23:43.482"
314,"FDI_AL","","T1_BasicMechanics","IA_Menu_Interact_Left","started","Left","(21.554733;39.975456;17.120293)","(-18.81415;64.118805;-149.066483)","2025-2-21 12:23:50.443"
315,"FDI_AL","","T1_BasicMechanics","IA_Menu_Interact_Left","completed","Left","(9.806602;11.791885;17.036575)","(-22.03104;67.879219;-123.758888)","2025-2-21 12:23:51.450"
316,"FDI_AL","","T1_BasicMechanics","IA_Menu_Interact_Right","started","Right","(23.593647;25.435776;7.425644)","(-23.57262;44.969715;-65.161011)","2025-2-21 12:24:1.442"
317,"FDI_AL","","T1_BasicMechanics","IA_Menu_Interact_Right","completed","Right","(25.431561;25.570404;9.125069)","(-35.965721;56.096291;-71.573898)","2025-2-21 12:24:2.530"
318,"FDI_AL","","T1_BasicMechanics","IA_Menu_Interact_Right","started","Right","(7.695326;31.927826;0.60067)","(-36.406803;43.504452;-130.061584)","2025-2-21 12:24:7.154"
319,"FDI_AL","","T1_BasicMechanics","IA_Menu_Interact_Right","completed","Right","(9.478642;34.051788;2.174034)","(-44.504673;47.028042;-138.344498)","2025-2-21 12:24:8.51"
320,"FDI_AL","","T1_BasicMechanics","IA_Menu_Interact_Right","started","Right","(10.092772;34.616173;2.536407)","(-42.519562;46.789902;-136.851395)","2025-2-21 12:24:8.465"
321,"FDI_AL","","T1_BasicMechanics","IA_Menu_Interact_Right","completed","Right","(6.338207;29.454674;12.334938)","(-46.972233;61.538658;-139.613663)","2025-2-21 12:24:9.110"
322,"FDI_AL","","T1_BasicMechanics","IA_Menu_Interact_Right","started","Right","(5.711271;37.453537;28.69561)","(-59.35252;75.637466;-147.10405)","2025-2-21 12:24:10.996"
323,"FDI_AL","","T1_BasicMechanics","IA_Menu_Interact_Right","completed","Right","(3.40661;31.919907;28.021172)","(-59.343887;72.330482;-147.843948)","2025-2-21 12:24:11.507"
324,"FDI_AL","","T1_BasicMechanics","IA_Move_Left","started","Left","(2.415504;12.334938;14.72068)","(-23.677347;53.216999;-93.623695)","2025-2-21 12:24:17.421"
325,"FDI_AL","","T1_BasicMechanics","IA_Move_Left","completed","Left","(2.407242;13.116547;14.954964)","(-19.501556;53.029816;-90.886169)","2025-2-21 12:24:17.781"
326,"FDI_AL","","T1_BasicMechanics","IA_Menu_Interact_Right","started","Right","(24.980179;5.034027;2.171707)","(-27.767382;30.223312;-43.883015)","2025-2-21 12:24:21.683"
327,"FDI_AL","","T1_BasicMechanics","IA_Menu_Interact_Right","completed","Right","(26.984375;4.619102;2.112564)","(-34.84359;35.498451;-44.090607)","2025-2-21 12:24:22.701"
328,"FDI_AL","","T1_BasicMechanics","IA_Menu_Interact_Right","started","Right","(23.022572;22.244909;1.73703)","(-36.499313;31.819052;98.077263)","2025-2-21 12:24:26.929"
329,"FDI_AL","","T1_BasicMechanics","IA_Menu_Interact_Right","completed","Right","(24.537842;21.930895;0.798782)","(-37.109856;34.505478;102.918007)","2025-2-21 12:24:27.479"
330,"FDI_AL","","T1_BasicMechanics","IA_Move_Left","started","Left","(7.600241;9.35733;16.603477)","(-19.247477;59.631927;73.959831)","2025-2-21 12:24:33.331"
331,"FDI_AL","","T1_BasicMechanics","IA_Move_Left","completed","Left","(5.571875;10.030293;16.574043)","(-9.207896;55.105431;81.737465)","2025-2-21 12:24:34.8"
332,"FDI_AL","","T1_BasicMechanics","IA_Move_Left","started","Left","(3.153492;12.052597;18.577248)","(-21.323854;72.422386;94.110054)","2025-2-21 12:24:37.705"
333,"FDI_AL","","T1_BasicMechanics","IA_Move_Left","completed","Left","(3.073581;14.521336;25.21698)","(-23.616352;74.09758;66.765999)","2025-2-21 12:24:38.837"
334,"FDI_AL","","T1_BasicMechanics","IA_Menu_Interact_Right","started","Right","(19.518887;10.340297;26.925163)","(5.436783;83.691963;19.617249)","2025-2-21 12:24:47.778"
335,"FDI_AL","","T1_BasicMechanics","IA_Menu_Interact_Right","completed","Right","(18.553043;10.354004;26.097588)","(-9.000122;84.023438;4.656631)","2025-2-21 12:24:48.435"
336,"FDI_AL","","T1_BasicMechanics","IA_Move_Left","started","Left","(13.130503;8.183624;16.615349)","(-18.586622;62.871693;-15.439588)","2025-2-21 12:25:4.534"
337,"FDI_AL","","T1_BasicMechanics","IA_Move_Left","completed","Left","(12.504037;7.024361;16.544037)","(-12.938634;59.669136;-12.901399)","2025-2-21 12:25:4.991"
338,"FDI_AL","","T1_BasicMechanics","IA_Menu_Interact_Right","started","Right","(18.315273;2.947128;25.02282)","(10.326625;78.626053;-0.247059)","2025-2-21 12:25:7.818"
339,"FDI_AL","","T1_BasicMechanics","IA_Menu_Interact_Right","completed","Right","(21.271328;3.123421;27.49054)","(0.864674;75.796211;-2.359548)","2025-2-21 12:25:8.498"
340,"FDI_AL","","T1_BasicMechanics","IA_Grab_Right","started","Right","(23.037457;2.563881;27.491203)","(5.01952;78.338913;-2.722986)","2025-2-21 12:25:9.304"
341,"FDI_AL","","T1_BasicMechanics","IA_Grab_Right","completed","Right","(22.326481;2.454353;27.429367)","(5.257262;76.289841;-4.702249)","2025-2-21 12:25:9.450"
342,"FDI_AL","","T1_BasicMechanics","IA_Move_Left","started","Left","(14.453548;5.343544;21.957924)","(-37.226692;73.272469;-36.514931)","2025-2-21 12:25:12.862"
343,"FDI_AL","","T1_BasicMechanics","IA_Move_Left","completed","Left","(13.761875;7.312531;22.095276)","(-38.532494;74.706108;-43.775879)","2025-2-21 12:25:13.518"
344,"FDI_AL","","T1_BasicMechanics","IA_Menu_Interact_Left","started","Left","(15.888035;6.290489;23.238106)","(-51.101589;77.527428;-55.940723)","2025-2-21 12:25:17.499"
345,"FDI_AL","","T1_BasicMechanics","IA_Menu_Interact_Left","completed","Left","(15.780922;6.011955;23.23275)","(-47.923149;77.059364;-52.803398)","2025-2-21 12:25:17.900"
346,"FDI_AL","","T1_BasicMechanics","IA_Menu_Interact_Right","started","Right","(18.043449;28.966932;12.187546)","(-31.318544;55.796398;-85.789665)","2025-2-21 12:25:26.484"
347,"FDI_AL","","T1_BasicMechanics","IA_Menu_Interact_Right","completed","Right","(19.896019;29.523247;12.965065)","(-30.758095;63.558704;-89.914001)","2025-2-21 12:25:27.598"
348,"FDI_AL","","T1_BasicMechanics","IA_Menu_Interact_Right","started","Right","(18.792862;31.462355;18.752197)","(-38.474934;75.279823;-91.22628)","2025-2-21 12:25:30.12"
349,"FDI_AL","","T1_BasicMechanics","IA_Menu_Interact_Right","completed","Right","(19.469955;27.955877;14.397659)","(-36.706676;65.470917;-92.377502)","2025-2-21 12:25:30.470"
350,"FDI_AL","","T1_BasicMechanics","IA_Menu_Interact_Right","started","Right","(18.56855;30.569105;13.053001)","(-29.001886;65.054031;-91.348526)","2025-2-21 12:25:33.175"
351,"FDI_AL","","T1_BasicMechanics","IA_Menu_Interact_Right","completed","Right","(19.037407;29.606632;13.397469)","(-25.686352;64.501678;-87.395157)","2025-2-21 12:25:33.439"
352,"FDI_AL","","T1_BasicMechanics","IA_Menu_Interact_Right","started","Right","(19.077797;17.47283;13.074867)","(-17.738321;51.77158;-59.002335)","2025-2-21 12:25:42.881"
353,"FDI_AL","","T1_BasicMechanics","IA_Menu_Interact_Right","completed","Right","(19.310509;16.500605;13.262131)","(-22.29055;51.040108;-63.254211)","2025-2-21 12:25:43.171"
354,"FDI_AL","","T1_BasicMechanics","IA_Menu_Interact_Right","started","Right","(17.295799;18.427536;1.184189)","(-24.114378;45.19733;-63.495991)","2025-2-21 12:25:46.981"
355,"FDI_AL","","T1_BasicMechanics","IA_Menu_Interact_Right","completed","Right","(19.806427;16.912149;4.074783)","(-23.837845;46.33432;-68.101845)","2025-2-21 12:25:48.966"
356,"FDI_AL","","T1_BasicMechanics","IA_Menu_Interact_Right","started","Right","(0.830254;31.05851;9.521492)","(-31.793493;59.63063;-110.518127)","2025-2-21 12:25:52.478"
357,"FDI_AL","","T1_BasicMechanics","IA_Menu_Interact_Right","completed","Right","(0.852821;29.804762;9.834602)","(-21.069309;64.924683;-103.094093)","2025-2-21 12:25:53.168"
358,"FDI_AL","","T1_BasicMechanics","IA_Menu_Interact_Right","started","Right","(2.939735;36.640842;3.526505)","(-46.38813;47.691631;-129.987579)","2025-2-21 12:25:55.77"
359,"FDI_AL","","T1_BasicMechanics","IA_Menu_Interact_Right","completed","Right","(1.109505;39.551285;2.640312)","(-45.934746;52.280972;-127.632774)","2025-2-21 12:25:56.910"
360,"FDI_AL","","T1_BasicMechanics","IA_Menu_Interact_Right","started","Right","(0.988655;36.627758;2.782104)","(-45.043404;44.761002;-127.380081)","2025-2-21 12:25:58.373"
361,"FDI_AL","","T1_BasicMechanics","IA_Grab_Right","started","Right","(0.976288;36.340084;2.567368)","(-39.106346;42.560577;-126.09584)","2025-2-21 12:25:59.442"
362,"FDI_AL","","T1_BasicMechanics","IA_Grab_Right","completed","Right","(3.399193;30.61768;6.182442)","(-26.096012;38.419941;-106.757156)","2025-2-21 12:26:2.102"
363,"FDI_AL","","T1_BasicMechanics","IA_Menu_Interact_Right","completed","Right","(3.397919;30.502728;6.150627)","(-20.561632;39.169807;-106.220398)","2025-2-21 12:26:2.145"
364,"FDI_AL","","T1_BasicMechanics","IA_Menu_Interact_Right","started","Right","(17.166489;16.146009;2.236351)","(-19.235586;40.381733;-73.584572)","2025-2-21 12:26:5.86"
365,"FDI_AL","","T1_BasicMechanics","IA_Menu_Interact_Right","completed","Right","(22.71003;17.740719;0.376984)","(-17.647329;46.717327;-68.813316)","2025-2-21 12:26:6.353"
366,"FDI_AL","","T1_BasicMechanics","IA_Menu_Interact_Right","started","Right","(19.214821;16.796795;3.042236)","(-11.862583;40.413879;-67.316246)","2025-2-21 12:26:8.474"
367,"FDI_AL","","T1_BasicMechanics","IA_Menu_Interact_Right","completed","Right","(19.709305;19.379623;4.370415)","(-15.510537;46.2775;-76.196442)","2025-2-21 12:26:10.112"
368,"FDI_AL","","T1_BasicMechanics","IA_Menu_Interact_Right","started","Right","(25.322784;22.412558;0.507896)","(-25.386446;44.454624;-70.846046)","2025-2-21 12:26:11.752"
369,"FDI_AL","","T1_BasicMechanics","IA_Grab_Right","started","Right","(25.461594;24.113487;5.209618)","(-24.325783;53.241695;-74.596413)","2025-2-21 12:26:12.520"
370,"FDI_AL","","T1_BasicMechanics","IA_Grab_Right","completed","Right","(20.461426;18.632992;1.753555)","(-27.073864;48.094158;-83.220627)","2025-2-21 12:26:13.426"
371,"FDI_AL","","T1_BasicMechanics","IA_Menu_Interact_Right","completed","Right","(20.461426;18.632992;1.753555)","(-27.073864;48.094158;-83.220627)","2025-2-21 12:26:13.442"
372,"FDI_AL","","T1_BasicMechanics","IA_Menu_Interact_Right","started","Right","(19.514679;17.946003;3.024529)","(-18.035337;40.956573;-74.25882)","2025-2-21 12:26:14.103"
373,"FDI_AL","","T1_BasicMechanics","IA_Menu_Interact_Right","completed","Right","(20.196579;17.702164;2.988213)","(-19.582684;40.435669;-75.649399)","2025-2-21 12:26:15.167"
374,"FDI_AL","","T1_BasicMechanics","IA_Menu_Interact_Right","started","Right","(19.449219;16.784641;3.330658)","(-14.706573;38.361786;-75.097198)","2025-2-21 12:26:16.617"
375,"FDI_AL","","T1_BasicMechanics","IA_Menu_Interact_Right","completed","Right","(13.486816;19.517256;4.747192)","(-12.75079;48.592754;-84.235497)","2025-2-21 12:26:17.700"
376,"FDI_AL","","T1_BasicMechanics","IA_Menu_Interact_Right","started","Right","(15.443665;19.694363;0.86425)","(-23.269096;36.887291;-73.842262)","2025-2-21 12:26:20.10"
377,"FDI_AL","","T1_BasicMechanics","IA_Menu_Interact_Right","completed","Right","(17.495171;19.144152;4.10054)","(-24.36578;40.567337;-78.368599)","2025-2-21 12:26:23.659"
378,"FDI_AL","","T1_BasicMechanics","IA_Menu_Interact_Right","started","Right","(0.425072;33.688114;2.616737)","(-34.22068;48.052372;-116.024666)","2025-2-21 12:26:26.295"
379,"FDI_AL","","T1_BasicMechanics","IA_Menu_Interact_Right","completed","Right","(2.883293;34.771183;5.077583)","(-28.156689;49.627373;-115.150864)","2025-2-21 12:26:27.460"
380,"FDI_AL","","T1_BasicMechanics","IA_Menu_Interact_Right","started","Right","(2.642052;34.813725;3.670563)","(-31.501829;49.795082;-116.349228)","2025-2-21 12:26:28.834"
381,"FDI_AL","","T1_BasicMechanics","IA_Menu_Interact_Right","completed","Right","(3.651817;33.10619;4.167076)","(-23.900379;50.508671;-112.597595)","2025-2-21 12:26:29.695"
382,"FDI_AL","","T1_BasicMechanics","IA_Menu_Interact_Right","started","Right","(2.127869;34.522385;2.442909)","(-25.287766;48.430706;-116.67424)","2025-2-21 12:26:31.889"
383,"FDI_AL","","T1_BasicMechanics","IA_Menu_Interact_Right","completed","Right","(3.216721;34.949287;8.956367)","(-11.873076;55.48024;-112.645721)","2025-2-21 12:26:36.107"
384,"FDI_AL","","T1_BasicMechanics","IA_Grab_Right","started","Right","(15.729553;12.956432;0.903709)","(-15.662551;44.505692;-69.351547)","2025-2-21 12:26:41.125"
385,"FDI_AL","","T1_BasicMechanics","IA_Menu_Interact_Right","started","Right","(15.583389;13.075514;1.017372)","(-13.931555;42.409748;-69.537811)","2025-2-21 12:26:41.225"
386,"FDI_AL","","T1_BasicMechanics","IA_Menu_Interact_Right","completed","Right","(15.078064;13.117983;0.611572)","(-12.447289;41.735332;-69.052948)","2025-2-21 12:26:41.391"
387,"FDI_AL","","T1_BasicMechanics","IA_Menu_Interact_Right","started","Right","(18.244186;18.814396;10.461082)","(-11.814059;56.926205;-68.399582)","2025-2-21 12:26:42.75"
388,"FDI_AL","","T1_BasicMechanics","IA_Menu_Interact_Right","completed","Right","(19.263046;20.363853;12.758453)","(-12.938001;59.062397;-70.727356)","2025-2-21 12:26:42.229"
389,"FDI_AL","","T1_BasicMechanics","IA_Menu_Interact_Right","started","Right","(18.065819;24.527529;16.092468)","(-10.210163;62.743191;-73.332779)","2025-2-21 12:26:43.55"
390,"FDI_AL","","T1_BasicMechanics","IA_Menu_Interact_Right","completed","Right","(16.855713;15.924877;3.999832)","(-9.303974;15.906131;-69.661583)","2025-2-21 12:26:44.878"
391,"FDI_AL","","T1_BasicMechanics","IA_Grab_Right","completed","Right","(17.164764;15.76063;4.491852)","(-4.990193;11.536016;-64.833313)","2025-2-21 12:26:44.987"
392,"FDI_AL","","T1_BasicMechanics","IA_Grab_Right","started","Right","(16.623581;15.442062;1.995071)","(-3.159978;19.736639;-70.111259)","2025-2-21 12:26:47.95"
393,"FDI_AL","","T1_BasicMechanics","IA_Menu_Interact_Right","started","Right","(16.092133;15.713093;2.003326)","(-4.559645;20.053608;-71.213852)","2025-2-21 12:26:47.355"
394,"FDI_AL","","T1_BasicMechanics","IA_Menu_Interact_Right","completed","Right","(18.272141;18.015617;2.383278)","(0.462987;7.586813;-62.326107)","2025-2-21 12:26:48.930"
395,"FDI_AL","","T1_BasicMechanics","IA_Grab_Right","completed","Right","(18.253571;17.791584;2.555183)","(0.467951;7.888826;-63.666309)","2025-2-21 12:26:48.957"
396,"FDI_AL","","T1_BasicMechanics","IA_Menu_Interact_Right","started","Right","(3.325592;25.395515;7.821205)","(1.367593;35.823154;-101.691917)","2025-2-21 12:26:50.377"
397,"FDI_AL","","T1_BasicMechanics","IA_Grab_Right","started","Right","(3.974976;25.518721;8.312813)","(0.654826;39.467167;-101.036041)","2025-2-21 12:26:50.724"
398,"FDI_AL","","T1_BasicMechanics","IA_Menu_Interact_Right","completed","Right","(4.795547;23.721838;8.91655)","(-3.537327;40.219448;-109.781097)","2025-2-21 12:26:51.247"
399,"FDI_AL","","T1_BasicMechanics","IA_Grab_Right","completed","Right","(4.320732;23.622311;9.654984)","(-1.566172;40.330936;-108.247765)","2025-2-21 12:26:51.302"
400,"FDI_AL","","T1_BasicMechanics","IA_Move_Left","started","Left","(9.276688;4.859352;14.566185)","(-14.297132;52.593403;-17.177515)","2025-2-21 12:26:56.21"
401,"FDI_AL","","T1_BasicMechanics","IA_Move_Left","completed","Left","(6.426926;3.870667;12.008255)","(-1.164304;43.186974;-6.815801)","2025-2-21 12:26:57.324"
402,"FDI_AL","","T1_BasicMechanics","IA_Grab_Right","started","Right","(13.875816;21.518379;4.565727)","(-11.150396;40.83873;-136.209518)","2025-2-21 12:27:1.657"
403,"FDI_AL","","T1_BasicMechanics","IA_Grab_Right","completed","Right","(18.306198;24.502728;15.594299)","(-15.045862;55.115574;-145.712799)","2025-2-21 12:27:3.519"
404,"FDI_AL","","T1_BasicMechanics","IA_Move_Left","started","Left","(10.477783;6.60611;17.168465)","(-14.77371;62.209507;-13.578525)","2025-2-21 12:27:11.992"
405,"FDI_AL","","T1_BasicMechanics","IA_Move_Left","completed","Left","(10.970364;5.755318;16.364891)","(-4.947546;56.920952;-5.328517)","2025-2-21 12:27:12.455"
406,"FDI_AL","","T1_BasicMechanics","IA_Move_Left","started","Left","(13.978199;6.59362;19.587769)","(-9.116555;73.380211;-14.867108)","2025-2-21 12:27:15.126"
407,"FDI_AL","","T1_BasicMechanics","IA_Move_Left","completed","Left","(14.041927;5.930954;20.821579)","(-9.509311;76.60392;-13.735019)","2025-2-21 12:27:16.310"
408,"FDI_AL","","T1_BasicMechanics","IA_Menu_Interact_Left","started","Left","(13.604786;4.560143;21.210556)","(-38.283451;80.255669;-44.541801)","2025-2-21 12:27:20.88"
409,"FDI_AL","","T1_BasicMechanics","IA_Menu_Interact_Left","completed","Left","(13.182259;4.542175;21.37323)","(-22.175835;80.431099;-27.630875)","2025-2-21 12:27:20.507"
410,"FDI_AL","","T1_BasicMechanics","IA_Menu_Interact_Left","started","Left","(7.898138;3.784492;14.892426)","(-20.230438;63.671047;-21.088156)","2025-2-21 12:27:34.835"
411,"FDI_AL","","T1_BasicMechanics","IA_Menu_Interact_Left","completed","Left","(8.314367;4.146492;14.971237)","(-13.359808;61.974667;-17.742271)","2025-2-21 12:27:35.475"
412,"FDI_AL","","T1_BasicMechanics","IA_Move_Left","started","Left","(7.528578;4.292824;12.852211)","(-0.50113;54.842232;-0.005365)","2025-2-21 12:27:36.379"
413,"FDI_AL","","T1_BasicMechanics","IA_Move_Left","completed","Left","(7.31271;4.144142;13.144379)","(-2.606308;55.944405;0.098193)","2025-2-21 12:27:37.15"
414,"FDI_AL","","T1_BasicMechanics","IA_Move_Left","started","Left","(9.553236;5.436775;17.272171)","(-3.590356;70.164665;170.342682)","2025-2-21 12:27:47.276"
415,"FDI_AL","","T1_BasicMechanics","IA_Move_Left","completed","Left","(7.82169;5.303192;16.503769)","(-0.652165;67.314186;172.436508)","2025-2-21 12:27:48.27"
416,"FDI_AL","","T1_BasicMechanics","IA_Grab_Right","started","Right","(8.372536;29.372999;6.356697)","(-24.072502;37.957008;-103.904053)","2025-2-21 12:28:7.734"
417,"FDI_AL","","T1_BasicMechanics","IA_Grab_Right","completed","Right","(6.953056;36.278946;3.672577)","(-0.458524;11.509144;-103.702286)","2025-2-21 12:28:10.347"
418,"FDI_AL","","T1_BasicMechanics","IA_Menu_Interact_Right","started","Right","(6.792084;26.700308;6.856186)","(-5.755214;24.274586;-118.881523)","2025-2-21 12:28:19.699"
419,"FDI_AL","","T1_BasicMechanics","IA_Grab_Right","started","Right","(6.179779;25.98337;7.083374)","(0.337254;27.437696;-113.787506)","2025-2-21 12:28:20.135"
420,"FDI_AL","","T1_BasicMechanics","IA_Grab_Right","completed","Right","(1.846436;29.021988;3.694656)","(-5.085459;9.268346;-107.472984)","2025-2-21 12:28:28.380"
421,"FDI_AL","","T1_BasicMechanics","IA_Menu_Interact_Right","completed","Right","(1.819511;28.977585;3.518013)","(-6.31666;9.753004;-107.856041)","2025-2-21 12:28:28.435"
422,"FDI_AL","","T1_BasicMechanics","IA_Menu_Interact_Right","started","Right","(2.711487;27.970222;5.470642)","(-15.293497;21.791088;-106.186005)","2025-2-21 12:28:37.745"
423,"FDI_AL","","T1_BasicMechanics","IA_Grab_Right","started","Right","(1.970863;27.950512;5.946915)","(-13.046512;25.30241;-105.277397)","2025-2-21 12:28:38.112"
424,"FDI_AL","","T1_BasicMechanics","IA_Move_Left","started","Left","(8.781075;9.409466;17.970856)","(-13.803552;63.656513;-39.12257)","2025-2-21 12:28:41.977"
425,"FDI_AL","","T1_BasicMechanics","IA_Move_Left","completed","Left","(8.7864;10.055321;18.020027)","(-9.046539;62.784889;-38.160625)","2025-2-21 12:28:42.886"
426,"FDI_AL","","T1_BasicMechanics","IA_Grab_Right","completed","Right","(33.619896;5.93322;8.353477)","(-10.019165;3.718492;-5.097232)","2025-2-21 12:28:48.602"
427,"FDI_AL","","T1_BasicMechanics","IA_Menu_Interact_Right","completed","Right","(33.476219;6.036102;8.533195)","(-12.084055;3.935985;-7.087542)","2025-2-21 12:28:48.684"
428,"FDI_AL","","T1_BasicMechanics","IA_Grab_Right","started","Right","(37.13324;1.915791;7.424454)","(-34.256313;26.270443;-30.957249)","2025-2-21 12:29:0.905"
429,"FDI_AL","","T1_BasicMechanics","IA_Grab_Right","completed","Right","(38.915932;5.789391;8.533852)","(-48.904957;29.256149;-48.399937)","2025-2-21 12:29:1.657"
430,"FDI_AL","","T1_BasicMechanics","IA_Menu_Interact_Right","started","Right","(39.230423;2.647251;8.845078)","(-46.995884;27.890356;-47.020992)","2025-2-21 12:29:2.119"
431,"FDI_AL","","T1_BasicMechanics","IA_Grab_Right","started","Right","(38.969452;2.629196;8.50135)","(-40.766346;26.433802;-41.794754)","2025-2-21 12:29:2.144"
432,"FDI_AL","","T1_BasicMechanics","IA_Menu_Interact_Right","completed","Right","(36.630974;1.341969;4.627602)","(-37.947407;29.488209;-38.224533)","2025-2-21 12:29:2.972"
433,"FDI_AL","","T1_BasicMechanics","IA_Grab_Right","completed","Right","(17.635216;4.162052;1.825134)","(-22.857445;33.316189;-36.778763)","2025-2-21 12:29:3.345"
434,"FDI_AL","","T1_BasicMechanics","IA_Grab_Right","started","Right","(37.882004;3.155376;9.194786)","(-46.248077;24.504517;-43.51244)","2025-2-21 12:29:7.333"
435,"FDI_AL","","T1_BasicMechanics","IA_Menu_Interact_Right","started","Right","(37.327324;3.304153;9.154884)","(-45.095699;24.601698;-44.534389)","2025-2-21 12:29:7.461"
436,"FDI_AL","","T1_BasicMechanics","IA_Menu_Interact_Right","completed","Right","(37.114838;3.530544;6.012856)","(-40.90752;30.859652;-40.39257)","2025-2-21 12:29:8.9"
437,"FDI_AL","","T1_BasicMechanics","IA_Grab_Right","completed","Right","(35.540619;3.492016;4.770409)","(-30.34387;26.926857;-33.442204)","2025-2-21 12:29:8.92"
438,"FDI_AL","","T1_BasicMechanics","IA_Grab_Right","started","Right","(41.523857;8.308594;8.658386)","(-54.845501;27.371592;-48.816734)","2025-2-21 12:29:31.675"
439,"FDI_AL","","T1_BasicMechanics","IA_Menu_Interact_Right","started","Right","(42.156898;7.048771;8.890358)","(-56.220013;29.873999;-52.588535)","2025-2-21 12:29:31.890"
440,"FDI_AL","","T1_BasicMechanics","IA_Menu_Interact_Right","completed","Right","(42.427055;7.698009;9.059326)","(-53.326454;31.905411;-45.762207)","2025-2-21 12:29:32.716"
441,"FDI_AL","","T1_BasicMechanics","IA_Grab_Right","completed","Right","(42.263847;7.660656;9.159348)","(-54.929634;31.523197;-48.663136)","2025-2-21 12:29:32.769"
442,"FDI_AL","","T1_BasicMechanics","IA_Grab_Right","started","Right","(41.719643;6.989735;10.611084)","(-61.71822;23.868929;-57.426369)","2025-2-21 12:29:33.300"
443,"FDI_AL","","T1_BasicMechanics","IA_Menu_Interact_Right","started","Right","(41.645515;6.940067;10.808525)","(-65.660362;24.409355;-59.237076)","2025-2-21 12:29:33.350"
444,"FDI_AL","","T1_BasicMechanics","IA_Menu_Interact_Right","completed","Right","(40.157249;2.475834;8.733513)","(-56.893631;30.705137;-58.760345)","2025-2-21 12:29:35.208"
445,"FDI_AL","","T1_BasicMechanics","IA_Grab_Right","completed","Right","(40.758202;3.22459;8.955872)","(-57.306274;29.912725;-56.665806)","2025-2-21 12:29:35.236"
446,"FDI_AL","","T1_BasicMechanics","IA_Menu_Interact_Right","started","Right","(41.23407;5.191971;9.2444)","(-57.04565;27.662655;-51.966839)","2025-2-21 12:29:35.795"
447,"FDI_AL","","T1_BasicMechanics","IA_Grab_Right","started","Right","(40.350716;4.613693;8.867325)","(-55.376102;27.670279;-51.712029)","2025-2-21 12:29:35.911"
448,"FDI_AL","","T1_BasicMechanics","IA_Menu_Interact_Right","completed","Right","(37.569275;2.765705;6.678658)","(-46.790783;28.615776;-45.319534)","2025-2-21 12:29:36.86"
449,"FDI_AL","","T1_BasicMechanics","IA_Grab_Right","completed","Right","(36.22541;2.291298;5.607346)","(-43.731045;28.418272;-48.581257)","2025-2-21 12:29:36.139"
450,"FDI_AL","","T1_BasicMechanics","IA_Move_Left","started","Left","(4.391396;4.37764;13.343674)","(-6.712945;53.682079;114.887077)","2025-2-21 12:29:41.691"
451,"FDI_AL","","T1_BasicMechanics","IA_Move_Left","completed","Left","(4.163048;5.006981;12.864471)","(-7.104291;53.460011;122.719139)","2025-2-21 12:29:42.361"
452,"FDI_AL","","T1_BasicMechanics","IA_Move_Left","started","Left","(3.308517;8.865021;15.681618)","(-32.141388;60.89167;-66.026421)","2025-2-21 12:29:51.196"
453,"FDI_AL","","T1_BasicMechanics","IA_Move_Left","completed","Left","(2.111504;8.191078;15.690056)","(-28.438066;62.305145;-65.964821)","2025-2-21 12:29:51.899"
454,"FDI_AL","","T1_BasicMechanics","IA_Grab_Right","started","Right","(38.194649;7.219559;5.120964)","(-35.146358;35.93137;-41.225025)","2025-2-21 12:29:56.451"
455,"FDI_AL","","T1_BasicMechanics","IA_Grab_Right","completed","Right","(38.256699;6.391678;5.853386)","(-36.223072;34.441673;-42.050732)","2025-2-21 12:29:56.707"
456,"FDI_AL","","T1_BasicMechanics","IA_Grab_Right","started","Right","(39.318115;4.668682;8.704987)","(-42.677139;32.110416;-51.352695)","2025-2-21 12:29:58.436"
457,"FDI_AL","","T1_BasicMechanics","IA_Menu_Interact_Right","started","Right","(39.114754;4.754196;8.944664)","(-43.76598;32.094021;-53.163635)","2025-2-21 12:29:58.750"
458,"FDI_AL","","T1_BasicMechanics","IA_Grab_Right","completed","Right","(40.655258;5.435871;8.846001)","(-49.858898;27.823801;-56.1609)","2025-2-21 12:30:0.289"
459,"FDI_AL","","T1_BasicMechanics","IA_Menu_Interact_Right","completed","Right","(40.655258;5.435871;8.846001)","(-49.858898;27.823801;-56.1609)","2025-2-21 12:30:0.316"
460,"FDI_AL","","T1_BasicMechanics","IA_Menu_Interact_Right","started","Right","(41.211128;6.093925;8.777023)","(-51.556404;28.911415;-57.134876)","2025-2-21 12:30:1.680"
461,"FDI_AL","","T1_BasicMechanics","IA_Grab_Right","started","Right","(41.090607;6.298969;8.671021)","(-49.955383;30.068296;-57.258961)","2025-2-21 12:30:1.731"
462,"FDI_AL","","T1_BasicMechanics","IA_Grab_Right","completed","Right","(44.572372;11.492996;8.633614)","(-53.889652;26.490063;-47.645958)","2025-2-21 12:30:2.969"
463,"FDI_AL","","T1_BasicMechanics","IA_Menu_Interact_Right","completed","Right","(44.542732;11.75312;8.61071)","(-55.307083;23.533745;-47.267082)","2025-2-21 12:30:3.17"
464,"FDI_AL","","T1_BasicMechanics","IA_Menu_Interact_Right","started","Right","(42.205719;9.506836;10.932312)","(-49.54224;23.613081;-49.31377)","2025-2-21 12:30:3.778"
465,"FDI_AL","","T1_BasicMechanics","IA_Grab_Right","started","Right","(42.127831;9.499722;11.051506)","(-52.256451;22.216021;-52.32515)","2025-2-21 12:30:3.852"
466,"FDI_AL","","T1_BasicMechanics","IA_Grab_Right","completed","Right","(41.79483;9.625202;9.743233)","(-53.068851;19.145693;-46.403133)","2025-2-21 12:30:4.227"
467,"FDI_AL","","T1_BasicMechanics","IA_Menu_Interact_Right","completed","Right","(41.989586;10.149902;9.050575)","(-55.412674;21.480145;-46.957977)","2025-2-21 12:30:4.276"
468,"FDI_AL","","T1_BasicMechanics","IA_Grab_Right","started","Right","(41.776344;16.944176;8.772377)","(-55.756248;22.760035;-37.970863)","2025-2-21 12:30:4.670"
469,"FDI_AL","","T1_BasicMechanics","IA_Menu_Interact_Right","started","Right","(41.400269;16.566475;8.958397)","(-54.869473;22.987335;-38.809193)","2025-2-21 12:30:4.722"
470,"FDI_AL","","T1_BasicMechanics","IA_Menu_Interact_Right","completed","Right","(41.024796;10.081039;9.386795)","(-51.3559;20.8836;-46.569954)","2025-2-21 12:30:5.463"
471,"FDI_AL","","T1_BasicMechanics","IA_Grab_Right","completed","Right","(40.851257;8.631165;9.65657)","(-49.050045;22.203377;-47.319336)","2025-2-21 12:30:5.622"
472,"FDI_AL","","T1_BasicMechanics","IA_Grab_Right","started","Right","(40.966934;3.684952;10.533524)","(-50.850376;24.282524;-56.804317)","2025-2-21 12:30:6.658"
473,"FDI_AL","","T1_BasicMechanics","IA_Menu_Interact_Right","started","Right","(40.845711;3.791691;10.562698)","(-51.444801;23.803675;-58.097042)","2025-2-21 12:30:6.734"
474,"FDI_AL","","T1_BasicMechanics","IA_Menu_Interact_Right","completed","Right","(40.027756;1.570923;7.104187)","(-45.90221;23.849709;-46.892933)","2025-2-21 12:30:7.778"
475,"FDI_AL","","T1_BasicMechanics","IA_Grab_Right","completed","Right","(39.821953;1.208435;6.557976)","(-41.464092;25.245701;-40.84779)","2025-2-21 12:30:7.833"
476,"FDI_AL","","T1_BasicMechanics","IA_Menu_Interact_Left","started","Left","(8.786449;3.480919;19.013649)","(-42.222507;74.855492;11.674068)","2025-2-21 12:30:15.672"
477,"FDI_AL","","T1_BasicMechanics","IA_Menu_Interact_Left","completed","Left","(8.802197;3.746407;18.94799)","(-36.367031;74.423447;16.83251)","2025-2-21 12:30:15.792"
478,"FDI_AL","","T1_BasicMechanics","IA_Move_Left","started","Left","(8.089005;10.44342;15.275436)","(-15.330345;57.496708;140.388611)","2025-2-21 12:30:34.566"
479,"FDI_AL","","T1_BasicMechanics","IA_Move_Left","completed","Left","(6.241884;10.702255;14.95034)","(-8.012857;55.855991;138.652145)","2025-2-21 12:30:35.391"
480,"FDI_AL","","T1_BasicMechanics","IA_Menu_Interact_Right","started","Right","(9.513695;21.71933;12.54216)","(14.061179;44.313206;-88.792137)","2025-2-21 12:30:53.393"
481,"FDI_AL","","T1_BasicMechanics","IA_Grab_Right","started","Right","(8.499043;20.779942;13.442902)","(15.392749;49.823174;-85.827721)","2025-2-21 12:30:53.486"
482,"FDI_AL","","T1_BasicMechanics","IA_Grab_Right","completed","Right","(6.90731;21.173439;13.022163)","(4.832987;57.406948;-80.057587)","2025-2-21 12:30:54.164"
483,"FDI_AL","","T1_BasicMechanics","IA_Menu_Interact_Right","completed","Right","(6.90731;21.173439;13.022163)","(4.832987;57.406948;-80.057587)","2025-2-21 12:30:54.190"
484,"FDI_AL","","T1_BasicMechanics","IA_Grab_Right","started","Right","(8.204056;20.997879;14.646667)","(18.983997;55.51273;-63.905453)","2025-2-21 12:30:54.917"
485,"FDI_AL","","T1_BasicMechanics","IA_Menu_Interact_Right","started","Right","(8.801514;21.540028;14.983292)","(16.789486;55.991806;-66.767151)","2025-2-21 12:30:54.993"
486,"FDI_AL","","T1_BasicMechanics","IA_Grab_Right","completed","Right","(8.135033;20.409939;15.171532)","(17.826763;58.33408;-59.314514)","2025-2-21 12:30:55.762"
487,"FDI_AL","","T1_BasicMechanics","IA_Menu_Interact_Right","completed","Right","(8.135033;20.409939;15.171532)","(17.826763;58.33408;-59.314514)","2025-2-21 12:30:55.788"
488,"FDI_AL","","T1_BasicMechanics","IA_Menu_Interact_Right","started","Right","(19.035225;12.030552;13.912933)","(-0.012461;53.528927;-33.514271)","2025-2-21 12:30:58.44"
489,"FDI_AL","","T1_BasicMechanics","IA_Grab_Right","started","Right","(20.606918;10.430809;15.410294)","(9.005843;55.11689;-23.679861)","2025-2-21 12:30:58.624"
490,"FDI_AL","","T1_BasicMechanics","IA_Grab_Right","completed","Right","(21.335831;8.84412;15.428238)","(7.010728;55.905926;-23.437305)","2025-2-21 12:30:59.548"
491,"FDI_AL","","T1_BasicMechanics","IA_Menu_Interact_Right","completed","Right","(21.335831;8.84412;15.428238)","(7.010728;55.905926;-23.437305)","2025-2-21 12:30:59.572"
492,"FDI_AL","","T1_BasicMechanics","IA_Menu_Interact_Right","started","Right","(21.321014;9.511078;15.264)","(11.12377;55.416752;-19.244656)","2025-2-21 12:31:0.467"
493,"FDI_AL","","T1_BasicMechanics","IA_Menu_Interact_Right","completed","Right","(21.917511;8.943295;15.698959)","(10.079855;55.903511;-20.362251)","2025-2-21 12:31:1.50"
494,"FDI_AL","","T1_BasicMechanics","IA_Grab_Right","started","Right","(21.682938;9.001915;15.530602)","(9.35099;55.642754;-22.336901)","2025-2-21 12:31:1.476"
495,"FDI_AL","","T1_BasicMechanics","IA_Grab_Right","completed","Right","(21.197952;9.486271;15.524048)","(10.126981;54.707584;-23.43434)","2025-2-21 12:31:2.121"
496,"FDI_AL","","T1_BasicMechanics","IA_Move_Left","started","Left","(3.184044;7.707546;14.084908)","(-18.771254;62.011509;-54.746941)","2025-2-21 12:31:7.109"
497,"FDI_AL","","T1_BasicMechanics","IA_Move_Left","completed","Left","(4.288345;8.062557;14.931816)","(-14.844097;70.430908;-47.865459)","2025-2-21 12:31:8.162"
498,"FDI_AL","","T1_BasicMechanics","IA_Menu_Interact_Right","started","Right","(41.542587;6.243046;8.314857)","(-57.488556;30.482105;-56.426918)","2025-2-21 12:31:15.76"
499,"FDI_AL","","T1_BasicMechanics","IA_Grab_Right","started","Right","(41.055351;5.602299;8.575645)","(-59.022312;30.221317;-58.769497)","2025-2-21 12:31:15.178"
500,"FDI_AL","","T1_BasicMechanics","IA_Menu_Interact_Right","completed","Right","(43.306824;6.142128;7.492882)","(-40.097115;32.226345;-39.028904)","2025-2-21 12:31:16.92"
501,"FDI_AL","","T1_BasicMechanics","IA_Grab_Right","completed","Right","(43.21241;6.121033;7.574783)","(-37.611729;30.371391;-39.12225)","2025-2-21 12:31:16.119"
502,"FDI_AL","","T1_BasicMechanics","IA_Menu_Interact_Right","started","Right","(41.59005;5.518013;10.715698)","(-47.327663;23.099174;-46.465965)","2025-2-21 12:31:16.787"
503,"FDI_AL","","T1_BasicMechanics","IA_Grab_Right","started","Right","(41.603249;5.44455;10.883987)","(-52.435886;23.738398;-49.675625)","2025-2-21 12:31:16.842"
504,"FDI_AL","","T1_BasicMechanics","IA_Menu_Interact_Right","completed","Right","(41.721657;5.700378;11.223679)","(-61.562763;22.740433;-58.84594)","2025-2-21 12:31:18.416"
505,"FDI_AL","","T1_BasicMechanics","IA_Grab_Right","completed","Right","(42.271942;5.633366;10.849899)","(-61.911835;23.108961;-58.542606)","2025-2-21 12:31:18.708"
506,"FDI_AL","","T1_BasicMechanics","IA_Grab_Right","started","Right","(40.156723;7.938553;8.344124)","(-60.205547;25.641121;-56.486629)","2025-2-21 12:31:21.62"
507,"FDI_AL","","T1_BasicMechanics","IA_Menu_Interact_Right","started","Right","(41.067299;7.669098;7.895607)","(-60.711014;25.729334;-58.010666)","2025-2-21 12:31:21.289"
508,"FDI_AL","","T1_BasicMechanics","IA_Menu_Interact_Right","completed","Right","(41.38549;8.009357;8.119225)","(-61.095875;26.070539;-55.759888)","2025-2-21 12:31:21.962"
509,"FDI_AL","","T1_BasicMechanics","IA_Grab_Right","completed","Right","(41.789658;8.386925;8.072105)","(-62.117256;26.424402;-54.863506)","2025-2-21 12:31:22.94"
510,"FDI_AL","","T1_BasicMechanics","IA_Menu_Interact_Right","started","Right","(41.129135;8.082146;8.932838)","(-62.446823;25.270601;-59.745823)","2025-2-21 12:31:22.717"
511,"FDI_AL","","T1_BasicMechanics","IA_Grab_Right","started","Right","(41.101959;8.073002;9.127617)","(-62.584457;25.307224;-59.569042)","2025-2-21 12:31:22.826"
512,"FDI_AL","","T1_BasicMechanics","IA_Menu_Interact_Right","completed","Right","(43.369926;7.408272;5.671448)","(-59.094818;26.59683;-52.962078)","2025-2-21 12:31:24.132"
513,"FDI_AL","","T1_BasicMechanics","IA_Grab_Right","completed","Right","(44.530792;6.781811;4.468117)","(-58.364906;28.916197;-50.854084)","2025-2-21 12:31:24.209"
514,"FDI_AL","","T1_BasicMechanics","IA_Move_Left","started","Left","(6.116264;8.406982;14.049522)","(-18.069052;59.974186;134.84581)","2025-2-21 12:31:42.906"
515,"FDI_AL","","T1_BasicMechanics","IA_Move_Left","completed","Left","(4.079674;8.14769;12.710075)","(-10.411743;55.411987;134.06871)","2025-2-21 12:31:43.728"
516,"FDI_AL","","T1_BasicMechanics","IA_Move_Left","started","Left","(4.734127;9.032211;12.931915)","(-10.265622;56.86731;135.792419)","2025-2-21 12:31:44.617"
517,"FDI_AL","","T1_BasicMechanics","IA_Move_Left","completed","Left","(4.971569;9.434311;12.990303)","(-7.754031;57.664146;134.465393)","2025-2-21 12:31:45.126"
518,"FDI_AL","","T1_BasicMechanics","IA_Menu_Interact_Right","started","Right","(5.001053;12.095917;18.445961)","(-47.698685;25.595886;-125.876488)","2025-2-21 12:31:50.42"
519,"FDI_AL","","T1_BasicMechanics","IA_Grab_Right","started","Right","(4.743935;12.016823;18.366447)","(-46.797325;25.569906;-126.406052)","2025-2-21 12:31:50.94"
520,"FDI_AL","","T1_BasicMechanics","IA_Move_Left","started","Left","(8.750435;9.598846;18.013077)","(-33.495003;76.061386;-63.187305)","2025-2-21 12:31:55.992"
521,"FDI_AL","","T1_BasicMechanics","IA_Move_Left","completed","Left","(8.150803;6.908287;16.150894)","(-19.484949;73.729424;-43.872936)","2025-2-21 12:31:57.215"
522,"FDI_AL","","T1_BasicMechanics","IA_Menu_Interact_Right","completed","Right","(16.830856;3.684158;37.505486)","(-46.252766;43.946327;-60.547626)","2025-2-21 12:32:0.360"
523,"FDI_AL","","T1_BasicMechanics","IA_Grab_Right","completed","Right","(17.638573;3.466545;37.943581)","(-44.532925;44.776134;-58.177357)","2025-2-21 12:32:0.408"
524,"FDI_AL","","T1_BasicMechanics","IA_Move_Left","started","Left","(0.226526;6.107956;12.562469)","(-3.234714;52.929291;125.279282)","2025-2-21 12:32:7.215"
525,"FDI_AL","","T1_BasicMechanics","IA_Move_Left","completed","Left","(1.464781;6.590126;12.920715)","(0.1716;55.497932;127.10894)","2025-2-21 12:32:7.904"
526,"FDI_AL","","T1_BasicMechanics","IA_Menu_Interact_Right","started","Right","(18.704727;0.709534;20.025116)","(9.665326;74.155945;4.524192)","2025-2-21 12:32:11.39"
527,"FDI_AL","","T1_BasicMechanics","IA_Menu_Interact_Right","completed","Right","(19.435566;0.711456;20.504585)","(2.23192;74.277229;-2.561654)","2025-2-21 12:32:11.320"
528,"FDI_AL","","T1_BasicMechanics","IA_Move_Left","started","Left","(9.879761;7.62542;17.958023)","(-15.216549;70.643379;-23.400679)","2025-2-21 12:32:12.254"
529,"FDI_AL","","T1_BasicMechanics","IA_Move_Left","completed","Left","(11.259371;6.279785;18.831009)","(-10.934583;76.200417;-16.12949)","2025-2-21 12:32:13.190"
530,"FDI_AL","","T1_BasicMechanics","IA_Menu_Interact_Left","started","Left","(17.918444;5.115051;26.138573)","(-26.598835;78.896111;-33.584927)","2025-2-21 12:32:19.544"
531,"FDI_AL","","T1_BasicMechanics","IA_Menu_Interact_Left","completed","Left","(19.233616;5.007301;28.625122)","(-41.555424;83.824013;-51.531387)","2025-2-21 12:32:20.245"
532,"FDI_AL","","T1_BasicMechanics","IA_Move_Left","started","Left","(16.835941;5.200401;24.16188)","(-11.526128;76.947975;-16.956137)","2025-2-21 12:32:24.621"
533,"FDI_AL","","T1_BasicMechanics","IA_Move_Left","completed","Left","(16.021149;4.934891;23.598816)","(-3.479642;74.868927;-11.273745)","2025-2-21 12:32:25.59"
534,"FDI_AL","","T1_BasicMechanics","IA_Menu_Interact_Left","started","Left","(17.425274;4.317368;27.357956)","(-25.710138;79.881981;-32.215385)","2025-2-21 12:32:27.659"
535,"FDI_AL","","T1_BasicMechanics","IA_Menu_Interact_Left","completed","Left","(17.230234;4.439522;27.255585)","(-26.132893;79.63932;-33.408997)","2025-2-21 12:32:27.988"
536,"FDI_AL","","T1_BasicMechanics","IA_Menu_Interact_Left","started","Left","(9.40166;9.154968;17.357018)","(-13.194777;66.493256;-38.050365)","2025-2-21 12:32:38.370"
537,"FDI_AL","","T1_BasicMechanics","IA_Menu_Interact_Left","completed","Left","(9.196649;8.8918;17.371468)","(-13.165491;66.647209;-37.679291)","2025-2-21 12:32:38.833"
538,"FDI_AL","","T1_BasicMechanics","IA_Menu_Toggle_Left","started","Left","(9.872588;9.86879;17.912537)","(-11.966956;71.014786;-39.033035)","2025-2-21 12:32:41.320"
539,"FDI_AL","","T1_BasicMechanics","IA_Menu_Toggle_Left","completed","Left","(10.143074;9.592751;17.97438)","(-12.31781;70.563965;-39.51981)","2025-2-21 12:32:41.651"
540,"FDI_AL","","T1_BasicMechanics","IA_Menu_Toggle_Left","started","Left","(8.922958;10.349297;20.415909)","(-22.634611;74.35672;-52.144623)","2025-2-21 12:32:50.909"
541,"FDI_AL","","T1_BasicMechanics","IA_Menu_Toggle_Left","completed","Left","(8.65164;9.937614;20.435875)","(-25.52195;72.42527;-53.774807)","2025-2-21 12:32:51.265"
542,"FDI_AL","","T1_BasicMechanics","IA_Menu_Toggle_Left","started","Left","(9.10725;9.916656;20.315887)","(-21.769018;74.357536;-49.149384)","2025-2-21 12:32:52.105"
543,"FDI_AL","","T1_BasicMechanics","IA_Menu_Toggle_Left","completed","Left","(9.054491;9.596413;20.262749)","(-21.622459;74.464813;-47.826427)","2025-2-21 12:32:52.616"
544,"FDI_AL","","T1_BasicMechanics","IA_Menu_Toggle_Left","started","Left","(9.280529;9.393631;19.932396)","(-21.224516;74.687996;-47.705437)","2025-2-21 12:32:53.377"
545,"FDI_AL","","T1_BasicMechanics","IA_Menu_Toggle_Left","completed","Left","(9.261242;9.399658;19.891693)","(-23.123049;73.267647;-49.676277)","2025-2-21 12:32:53.864"
546,"FDI_AL","","T1_BasicMechanics","IA_Menu_Interact_Left","started","Left","(9.255636;9.331558;19.810287)","(-40.481407;77.57711;-67.925758)","2025-2-21 12:32:54.219"
547,"FDI_AL","","T1_BasicMechanics","IA_Menu_Interact_Left","completed","Left","(9.334425;8.839607;19.836143)","(-20.070881;74.182602;-45.85894)","2025-2-21 12:32:54.654"
548,"FDI_AL","","T1_BasicMechanics","IA_Menu_Interact_Left","started","Left","(9.294113;8.850357;19.622009)","(-20.636732;74.710472;-46.621582)","2025-2-21 12:32:55.112"
549,"FDI_AL","","T1_BasicMechanics","IA_Menu_Interact_Left","completed","Left","(9.039165;8.629501;19.519371)","(-16.714836;73.811745;-42.113712)","2025-2-21 12:32:55.986"
550,"FDI_AL","","T1_BasicMechanics","IA_Move_Left","started","Left","(13.972744;2.85154;18.691307)","(-5.340689;63.030937;-0.042333)","2025-2-21 12:33:27.872"
551,"FDI_AL","","T1_BasicMechanics","IA_Move_Left","completed","Left","(15.789481;1.992416;23.584274)","(-40.401005;82.584297;-36.314259)","2025-2-21 12:33:29.674"
552,"FDI_AL","","T1_BasicMechanics","IA_Move_Left","started","Left","(14.708858;0.03334;24.036057)","(-31.086643;81.467911;-20.695301)","2025-2-21 12:33:32.279"
553,"FDI_AL","","T1_BasicMechanics","IA_Move_Left","completed","Left","(14.781967;0.698128;24.172195)","(-31.132498;82.524651;-18.408619)","2025-2-21 12:33:33.219"